"","player","playerLabel","firstnameLabels","lastnameLabels","sexLabel","dobFormat","pobLabels","dodFormat","podLabels","citizenshipLabels","sportCountryLabels","positionLabels","careerStart","careerEnd","mass","height","ESPNscrumID","AllRugbyID","GoogleKnowlID","ItsRugbyID","RugbyDatabaseID"
"1","Q3082917","Frankie Sheahan","Frankie","Sheahan","male","1976-8-27","Toronto",NA,NA,"Canada",NA,"hooker",NA,"2009-01-01","107","180","13281",NA,NA,"526","12729"
"2","Q440131","Jamie Heaslip","Jamie","Heaslip","male","1983-12-15","Tiberias",NA,NA,"Ireland",NA,"number 8","2005-01-01","2018-01-01","109","193","15202","jamie-heaslip",NA,"3484","9945"
"3","Q2996506","Coo Clinch","Andrew","Clinch","male","1867-11-29","Dublin","1937-2-1","Dublin","Ireland",NA,NA,NA,NA,NA,NA,"1047",NA,NA,NA,NA
"4","Q3531758","Tony Ensor","Tony","Ensor","male","1949-8-17","Dublin",NA,NA,"Ireland",NA,"fullback",NA,NA,NA,NA,"7889",NA,NA,NA,NA
"5","Q7047091","Noel Mannion","Noel","Mannion","male","1963-1-12","Ballinasloe",NA,NA,"Ireland","Ireland","number 8","1982-01-01",NA,NA,NA,"10472",NA,NA,NA,NA
"6","Q448441","Tony O'Reilly","Francis, Anthony Joseph","O'Reilly","male","1936-5-7","Dublin","2024-5-18","Dublin","Ireland",NA,"centre","1954-01-01","2024-01-01",NA,NA,"5888",NA,NA,NA,"AO927022"
"7","Q5290640","Dominic Ryan","Dominic","Ryan","male","1990-3-28","Dublin",NA,NA,"Ireland",NA,"flanker",NA,NA,NA,NA,"106763","dominic-ryan",NA,"16217","13718"
"8","Q2991572","Con Murphy","Con","Murphy","male","1914-9-19","Dublin","2002-4-9",NA,"Ireland",NA,"fullback",NA,NA,NA,NA,"4697",NA,"122yh5f3",NA,NA
"9","Q4867215","Basil McFarland","Basil","McFarland","male","1898-2-18",NA,"1986-3-5",NA,"United Kingdom, United Kingdom of Great Britain and Ireland",NA,"winger",NA,NA,NA,NA,"2648",NA,NA,NA,NA
"10","Q3035973","Donal Lenihan","Donal","Lenihan","male","1959-9-12","Cork",NA,NA,"Ireland",NA,"lock",NA,NA,NA,NA,"9388",NA,NA,NA,"12850"
"11","Q4885475","Ben Cronin","Ben, Benjamin, Michael","Cronin","male","1968-7-13",NA,NA,NA,"Ireland","Ireland","number 8",NA,NA,NA,NA,NA,NA,NA,NA,NA
"12","Q2924436","Brendan Mullin","Brendan","Mullin","male","1963-10-30","Jerusalem",NA,NA,"Ireland, United States of America",NA,"centre","1983-01-01","1995-01-01","85","186","9821",NA,NA,"4703","12763"
"13","Q7153578","Paul Shields","Paul","Shields","male","1978-9-25","Belfast",NA,NA,"United Kingdom",NA,"hooker",NA,NA,NA,NA,NA,NA,NA,NA,NA
"14","Q3423419","Reggie Corrigan","Reggie","Corrigan","male","1970-11-19","Dublin",NA,NA,"Ireland",NA,"prop",NA,"2007-01-01","112","188","12701",NA,NA,"524","12736"
"15","Q7356835","Rodney Ah You","Rodney",NA,"male","1988-10-27","Wellington",NA,NA,"New Zealand",NA,"prop",NA,NA,NA,NA,"124172","rodney-ah-you",NA,"8473","2555"
"16","Q7023956","Niall Ronan","Niall","Ronan","male","1982-9-14",NA,NA,NA,"Ireland",NA,"flanker",NA,NA,NA,NA,"78662",NA,NA,NA,NA
"17","Q3313522","Mike Ross","Mike","Ross","male","1979-12-21","Cork",NA,NA,"Ireland",NA,"prop","2005-01-01",NA,"127","188","15999","mike-ross",NA,"4774","9963"
"18","Q5106860","Chris Henry","Chris","Henry","male","1984-10-17","Belfast",NA,NA,"United Kingdom","Ireland","number 8","2006-01-01","2018-01-01","107","188","89751","chris-henry",NA,"5747","9979"
"19","Q3154733","Isaac Boss","Isaac","Boss","male","1980-4-9","Tokoroa",NA,NA,"New Zealand",NA,"scrum-half","1999-01-01",NA,"88","178","15262","isaac-boss",NA,"2115","807"
"20","Q3530696","Tom Court","Tom",NA,"male","1980-11-6","Brisbane",NA,NA,"Australia",NA,"prop",NA,"2017-01-01","117","191","15196","tom-court",NA,"4656","3408"
"21","Q16105002","Jerry Walsh","Jerry","Walsh","male","1938-11-3",NA,NA,NA,"Ireland",NA,"centre",NA,NA,NA,NA,NA,NA,NA,NA,NA
"22","Q3181964","John Lytle","John",NA,"male","1869-7-1",NA,"1904-8-1",NA,"United Kingdom of Great Britain and Ireland",NA,NA,NA,NA,NA,NA,"836",NA,"122y06vb",NA,NA
"23","Q3742780","Fergus Aherne","Fergus","Aherne","male","1963-3-16","Cork",NA,NA,"Ireland","Ireland","scrum-half",NA,"1996-01-01",NA,NA,"10335",NA,NA,NA,NA
"24","Q11182959","Thomas Ranken Lyle","Thomas","Lyle","male","1860-8-26","Coleraine","1944-3-31","South Yarra","United Kingdom of Great Britain and Ireland",NA,NA,NA,NA,NA,NA,"721",NA,NA,NA,NA
"25","Q6195143","Jim Ganly","Jim","Ganly","male","1904-3-7",NA,"1976-7-22",NA,"Ireland",NA,"winger",NA,NA,NA,NA,"3386",NA,NA,NA,NA
"26","Q281871","Tom Kiernan","Tom","Kiernan","male","1939-1-7","Cork","2022-2-3",NA,"Ireland",NA,"fullback","1957-01-01",NA,NA,NA,"6483",NA,NA,NA,NA
"27","Q3110940","Gordon Wood","Gordon","Wood","male","1931-6-20","Limerick","1982-5-18","Ireland","Ireland",NA,"prop",NA,NA,NA,NA,"5772",NA,NA,NA,NA
"28","Q2993556","Conor O'Shea","Conor","O'Shea","male","1970-10-21","Limerick",NA,NA,"Ireland",NA,"fullback","1990-01-01","2001-01-01","101","188","11668",NA,NA,"16653","12744"
"29","Q4910281","Bill Mulcahy","William, Bill","Mulcahy","male","1935-1-7","Rathkeale",NA,NA,"Ireland","Ireland","lock",NA,NA,NA,NA,"6216",NA,NA,NA,NA
"30","Q3341344","Nigel Carr","Nigel","Carr","male","1959-7-27","Belfast",NA,NA,"United Kingdom",NA,"flanker",NA,NA,NA,NA,"9840",NA,NA,NA,NA
"31","Q774079","Simon Geoghegan","Simon","Geoghegan","male","1968-9-1","Knebworth",NA,NA,"Ireland",NA,"winger","1987-01-01","1997-01-01","83","183","10959",NA,NA,NA,"12764"
"32","Q3569062","Willie Anderson","Willie","Anderson","male","1955-4-3","County Tyrone",NA,NA,"Ireland",NA,"lock",NA,NA,NA,NA,"9817",NA,NA,NA,"12866"
"33","Q5273699","Dickie Lloyd","Dickie","Lloyd","male","1891-8-4",NA,"1950-12-23",NA,"United Kingdom, United Kingdom of Great Britain and Ireland",NA,"fly-half",NA,NA,NA,NA,"2089",NA,NA,NA,NA
"34","Q7608598","Stephen Archer","Stephen","Archer","male","1988-1-29","Cork",NA,NA,"Ireland",NA,"prop",NA,NA,NA,NA,"104487","stephen-archer",NA,"13682","13722"
"35","Q3193431","Karl Mullen","Karl","Mullen","male","1926-11-26",NA,"2009-4-27",NA,"Ireland",NA,"hooker",NA,NA,NA,NA,"4810",NA,NA,NA,NA
"36","Q3194730","Keith Crossan","Keith","Crossan","male","1959-12-29","Belfast",NA,NA,"Ireland",NA,"winger","1979-01-01",NA,NA,NA,"9419",NA,NA,"8909","12844"
"37","Q3431047","Richard Milliken","Richard","Milliken","male","1950-9-2",NA,NA,NA,"United Kingdom",NA,"centre",NA,NA,NA,NA,"7737",NA,NA,NA,NA
"38","Q6702129","Luke Marshall","Luke","Marshall","male","1991-3-3","Ballymoney",NA,NA,"United Kingdom",NA,"centre",NA,NA,NA,NA,"125887","luke-marshall",NA,"22152","9952"
"39","Q2938984","Carl Reid","Carl","Reid","male","1877-2-23","Derry","1957-5-16","Wimbledon","United Kingdom of Great Britain and Ireland, United Kingdom",NA,"centre",NA,NA,NA,NA,"1335",NA,"1211jjs6",NA,NA
"40","Q434427","David Wallace","David","Wallace","male","1976-7-8","Limerick",NA,NA,"Ireland",NA,"number 8",NA,"2012-01-01","105","188","12554",NA,NA,"641","12721"
"41","Q3012857","Damien Varley","Damien","Varley","male","1983-10-29","Limerick",NA,NA,"Ireland",NA,"hooker",NA,NA,"110","180","79294","damien-varley",NA,"5273","13716"
"42","Q3370998","Paul Dean","Paul","Dean","male","1960-6-28","Dublin",NA,NA,"Ireland",NA,"fly-half",NA,NA,NA,NA,"9328",NA,NA,"9500","12863"
"43","Q7346160","Robert Johnston","Robert","Johnston","male","1872-8-13","County Donegal","1950-3-24","Kilkenny","South Africa",NA,NA,NA,NA,NA,NA,"1073",NA,NA,NA,NA
"44","Q56434188","Gavin Coombes","Gavin","Coombes","male","1997-12-11","Skibbereen",NA,NA,"Ireland","Ireland","lock, number 8, flanker",NA,NA,NA,NA,"294649","gavin-coombes","11gr6w11ln","39237","9905"
"45","Q517871","Frederick Maurice Watson Harvey","Maurice, Frederick, Watson","Harvey","male","1888-9-1","Athboy","1980-8-24","Fort Macleod","Ireland",NA,"fly-half",NA,NA,NA,NA,"1885",NA,NA,NA,NA
"46","Q5392958","Ernest Deane","Ernest","Deane","male","1887-5-4","Limerick","1915-9-25","Neuve-Chapelle","United Kingdom of Great Britain and Ireland",NA,"winger",NA,NA,NA,NA,"2027",NA,NA,NA,NA
"47","Q5394440","Ernie Crawford","Ernie","Crawford","male","1891-11-17","Belfast","1959-1-12","Belfast","United Kingdom, United Kingdom of Great Britain and Ireland",NA,"fullback",NA,NA,NA,NA,"2629",NA,NA,NA,NA
"48","Q18619478","Rory Scannell","Rory","Scannell","male","1993-12-22","Cork",NA,NA,"Ireland",NA,"centre",NA,NA,NA,NA,"176307","rory-scannell",NA,"27834","9954"
"49","Q4120957","Simon Zebo","Simon",NA,"male","1990-3-16","Cork",NA,NA,"Ireland",NA,"winger",NA,NA,"94","188","114227","simon-zebo",NA,"18843","9947"
"50","Q3538604","Trevor Ringland","Trevor",NA,"male","1959-11-13","Belfast",NA,NA,"United Kingdom",NA,"winger","1979-01-01",NA,NA,NA,"9390",NA,NA,NA,"12861"
"51","Q7365904","Ronnie Lamont","Ronnie","Lamont","male","1941-11-18",NA,"2022-12-22",NA,"Ireland",NA,"number 8",NA,NA,NA,NA,NA,NA,NA,NA,NA
"52","Q3481368","Shane Jennings","Shane","Jennings","male","1981-7-8","Dublin",NA,NA,"Ireland",NA,"flanker",NA,NA,"105","185","15207","shane-jennings",NA,"1053","12710"
"53","Q104840021","Dan Sheehan","Dan","Sheehan","male","1998-9-17","Dublin",NA,NA,"Ireland",NA,"hooker",NA,NA,"110","191","299294","dan-sheehan","11lg3fsjjd","43325","8513"
"54","Q3339789","Nick Popplewell","Nick","Popplewell","male","1964-4-6","Dublin",NA,NA,"Ireland",NA,"prop","1983-01-01","2001-01-01","111","178","10607",NA,NA,NA,"12772"
"55","Q5235997","David Kilcoyne","David","Kilcoyne","male","1988-12-12","Limerick",NA,NA,"Ireland",NA,"prop",NA,NA,"111","183","104760","dave-kilcoyne",NA,"25156","8516"
"56","Q2984063","Colm Tucker","Colm","Tucker","male","1952-9-22","Limerick","2012-1-11","Dublin","Ireland",NA,"flanker",NA,NA,NA,NA,"8918",NA,NA,NA,"19143"
"57","Q2378740","Robin Roe","Robin","Roe","male","1928-10-11","Borris-in-Ossory","2010-7-15","Guildford","Ireland",NA,"hooker",NA,NA,NA,NA,"5538",NA,NA,NA,NA
"58","Q3056258","Eric Elwood","Eric","Elwood","male","1969-2-26","Galway",NA,NA,"Ireland",NA,"fly-half","1988-01-01","2005-01-01","92","180","11412",NA,NA,"4272","12755"
"59","Q16995269","Jack Conan","Jack","Conan","male","1992-7-29","Dublin",NA,NA,"Ireland",NA,"number 8",NA,NA,"114","193","158698","jack-conan",NA,"25329","8519"
"60","Q3147254","Ian Dowling","Ian","Dowling","male","1982-10-5","Kilkenny",NA,NA,"Ireland",NA,"winger",NA,NA,NA,NA,"27701",NA,NA,"3460","13738"
"61","Q4997511","Bundee Aki",NA,"Aki","male","1990-4-7","Ōtāhuhu",NA,NA,"New Zealand",NA,"centre",NA,NA,"102","178","145340","bundee-aki",NA,"24091","561"
"62","Q5267522","Devin Toner","Devin","Toner","male","1986-6-29","County Meath",NA,NA,"Ireland","Ireland","lock",NA,NA,"124","208","27723","devin-toner",NA,"4546","9926"
"63","Q16729986","Henry Hurley","Henry","Hurley","male","1965-12-28","Doncaster",NA,NA,"Ireland",NA,"prop",NA,"1999-01-01","112","178","12135",NA,NA,NA,NA
"64","Q24196932","Tom Ahearne","Tom",NA,"male",NA,NA,NA,NA,NA,NA,NA,NA,NA,NA,NA,NA,NA,"11cn3vh99x",NA,NA
"65","Q373384","Noel Purcell","Noel","Purcell","male","1891-11-15","Dublin","1962-1-31","Dún Laoghaire","Ireland",NA,"number 8",NA,NA,NA,NA,"2762",NA,NA,NA,NA
"66","Q3381083","Phillip Matthews","Phillip","Matthews","male","1960-1-21","Gloucester",NA,NA,"United Kingdom",NA,"flanker",NA,NA,NA,NA,"9820",NA,NA,"8905","12849"
"67","Q3161451","James Topping","James","Topping","male","1974-12-18","Belfast",NA,NA,"United Kingdom","Ireland","winger",NA,"2006-01-01","95","180","12393",NA,NA,"3443","12758"
"68","Q5249340","Declan Fitzpatrick","Declan","Fitzpatrick","male","1983-7-12","Bromsgrove",NA,NA,"United Kingdom",NA,"prop",NA,NA,NA,NA,"15199","declan-fitzpatrick",NA,"3448","13721"
"69","Q3196468","Kieron Dawson","Kieron","Dawson","male","1975-1-29","Bangor",NA,NA,"United Kingdom",NA,"flanker",NA,"2009-01-01","99","185","12538",NA,NA,NA,"12759"
"70","Q8013610","William John Cullen","William","Cullen","male","1894-1-1",NA,"1960-6-28",NA,NA,NA,"centre",NA,NA,NA,NA,"2631",NA,NA,NA,NA
"71","Q5525482","Gary Longwell","Gary","Longwell","male","1971-7-30","Belfast",NA,NA,"United Kingdom",NA,"lock",NA,"2005-01-01","117","201","13518",NA,NA,NA,NA
"72","Q23008218","Sean Reidy","Sean","Reidy","male","1989-5-10","Auckland",NA,NA,"New Zealand",NA,"flanker",NA,NA,NA,NA,"194463","sean-reidy","11clwn6jxg","30041",NA
"73","Q16233222","Rob Herring","Robert","Herring","male","1990-4-27","Cape Town",NA,NA,"South Africa",NA,"hooker",NA,NA,"105","185","115159","rob-herring",NA,"19376","8515"
"74","Q7146214","Patrick Casey","Patrick","Casey","male","1941-8-4","Dublin",NA,NA,"Ireland",NA,"winger",NA,NA,NA,NA,NA,NA,NA,NA,NA
"75","Q2849186","Andy Ward","Andy","Ward","male","1970-9-8","Whangārei",NA,NA,"New Zealand",NA,"flanker",NA,"2005-01-01","103","191","12752",NA,NA,"857","12748"
"76","Q963878","Shane Horgan","Shane, Patrick","Horgan","male","1978-7-18","Drogheda",NA,NA,"Ireland",NA,"winger","1998-01-01","2012-01-01","104","193","13311",NA,NA,"511","12728"
"77","Q964302","John Hayes","John","Hayes","male","1973-11-2","Dromsally",NA,NA,"Ireland",NA,"prop","1998-01-01","2011-01-01","125","193","13310",NA,NA,"522","12723"
"78","Q6146965","Jamie Hagan","Jamie","Hagan","male","1987-4-5","Dublin",NA,NA,"Ireland",NA,"prop",NA,NA,NA,NA,NA,NA,NA,NA,NA
"79","Q23956667","Jimmy Nelson","Jimmy","Nelson","male","1921-9-16","Belfast","2014-6-13","Lisburn",NA,NA,"lock",NA,NA,NA,NA,"5013",NA,"11cn3v6b_6",NA,NA
"80","Q3178879","Joseph Magee","Joseph, Jim","Magee","male","1870-3-25","Dublin","1924-5-18",NA,"Ireland, United Kingdom of Great Britain and Ireland",NA,"winger",NA,NA,NA,NA,"1150",NA,NA,NA,NA
"81","Q7801091","Tiernan O'Halloran",NA,"O'Halloran","male","1991-2-26","Clifden",NA,NA,"Ireland",NA,"fullback",NA,NA,NA,NA,"103879","tiernan-o-halloran",NA,"18019","9953"
"82","Q3265879","Lucius Gwynn","Henry, Lucius","Gwynn","male","1873-5-5","County Donegal","1904-1-1","Davos","Ireland",NA,"winger, centre",NA,NA,NA,NA,"1084",NA,NA,NA,NA
"83","Q2852878","Anthony Horgan","Anthony","Horgan","male","1976-11-15","Cork",NA,NA,"Ireland",NA,"winger",NA,"2009-01-01","96","180","14249",NA,NA,"527","12743"
"84","Q7298874","Raymond Hunter","Raymond","Hunter","male","1938-4-3","Belfast","2020-12-9",NA,"United Kingdom",NA,"centre",NA,NA,NA,NA,"6665",NA,NA,NA,NA
"85","Q3436532","Robert Warren","Robert","Warren","male","1865-9-4","County Meath","1940-11-19","Bray","Ireland",NA,"fly-half, scrum-half",NA,NA,NA,NA,"725",NA,"122dlqsd",NA,NA
"86","Q3101931","George Stephenson","George","Stephenson","male","1901-12-22","Dromore","1970-8-6","London","United Kingdom, United Kingdom of Great Britain and Ireland",NA,"centre",NA,NA,NA,NA,"2666",NA,"122_gnjb",NA,NA
"87","Q4764198","Angus McKeen","Angus","McKeen","male","1969-2-13","Drogheda",NA,NA,"Ireland",NA,"prop",NA,"2000-01-01","106","180","13263",NA,NA,NA,NA
"88","Q3183609","Johnny O'Connor","Johnny","O'Connor","male","1980-2-9","Galway",NA,NA,"Ireland",NA,"flanker",NA,NA,"100","178","84933",NA,NA,"1070","13747"
"89","Q3437134","Robin Thompson","Robin","Thompson","male","1931-5-5","Northern Ireland","2003-8-14","Belfast","United Kingdom",NA,"lock",NA,NA,NA,NA,"5492",NA,NA,NA,NA
"90","Q7819756","Tommy O'Donnell","Tommy","O'Donnell","male","1987-6-21","Cahir",NA,NA,"Ireland","Ireland","flanker",NA,NA,NA,NA,"92340","tommy-o-donnell",NA,"4836","9936"
"91","Q2827775","Aidan McCullen","Aidan","McCullen","male","1977-1-5","Drogheda",NA,NA,"Ireland","Ireland","flanker",NA,NA,NA,NA,"14250",NA,NA,"1052","14578"
"92","Q2898098","Bernard Jackman","Bernard","Jackman","male","1976-5-5","Tullow",NA,NA,"Ireland","Ireland","hooker",NA,NA,NA,NA,"14903",NA,NA,"1712","13741"
"93","Q4799123","Arthur Horan","Arthur","Horan","male","1886-10-13",NA,"1970-1-15",NA,NA,NA,"scrum-half",NA,NA,NA,NA,"2635",NA,NA,NA,NA
"94","Q16010895","Charles Beamish","Charles","Beamish","male","1908-6-23","Cork","1984-5-18","Templemore","United Kingdom",NA,"prop",NA,NA,NA,NA,"4094",NA,NA,NA,NA
"95","Q16235697","Stuart Olding","Stuart","Olding","male","1993-3-11","Belfast",NA,NA,"United Kingdom",NA,"centre",NA,NA,NA,NA,"156533","stuart-olding",NA,"25158","9965"
"96","Q3178949","Jim Staples","Jim","Staples","male","1965-10-20","London",NA,NA,"United Kingdom",NA,"fullback","1984-01-01","1998-01-01","87","188","10964",NA,NA,"4705","12761"
"97","Q30611867","James Ryan","James","Ryan","male","1996-7-24","Blackrock",NA,NA,"Ireland",NA,"lock",NA,NA,"108","203","285691","james-ryan","11dflx216h","36586","8510"
"98","Q8019611","William Tyrrell","William",NA,"male","1885-11-20","Belfast","1968-4-29",NA,"United Kingdom, United Kingdom of Great Britain and Ireland",NA,NA,NA,NA,NA,NA,"2117",NA,NA,NA,NA
"99","Q6829709","Michael Dargan","Michael","Dargan","male","1928-10-9",NA,"2023-6-17",NA,"Ireland",NA,"flanker",NA,NA,NA,NA,NA,NA,NA,NA,NA
"100","Q62942455","Ronan Kelleher","Rónán","Kelleher","male","1998-1-1","Dublin",NA,NA,"Ireland",NA,"hooker",NA,NA,"110","183","294733","ronan-kelleher","11h6m83w7l","40386","8665"
"101","Q7615883","Stewart McKinney","Stewart","McKinney","male","1946-11-20",NA,NA,NA,"United Kingdom",NA,"flanker",NA,NA,NA,NA,NA,NA,NA,NA,NA
"102","Q3441784","Ronnie Dawson","Ronnie","Dawson","male","1932-6-5","Dublin","2024-10-11",NA,"Ireland",NA,"hooker","1950-01-01",NA,NA,NA,"6210",NA,NA,NA,NA
"103","Q6396961","Kevin McLaughlin","Kevin","McLaughlin","male","1984-9-20","Dublin",NA,NA,"Ireland",NA,"flanker",NA,NA,NA,NA,NA,NA,NA,NA,NA
"104","Q6111700","Jack Clarke","Jack","Clarke","male","1968-9-2",NA,NA,NA,"Ireland","Ireland","winger",NA,NA,NA,NA,"10965",NA,NA,NA,NA
"105","Q472853","Alan Quinlan","Alan","Quinlan","male","1974-7-13","Tipperary",NA,NA,"Ireland",NA,"number 8",NA,"2011-01-01","105","191","13264",NA,NA,"963","12739"
"106","Q6390218","Kenneth Houston","Kenneth","Houston","male","1941-7-20",NA,NA,NA,"Ireland",NA,NA,NA,NA,NA,NA,NA,NA,NA,NA,NA
"107","Q19818622","Josh van der Flier","Josh","van der Flier","male","1993-4-25","Dublin",NA,NA,"Ireland",NA,"flanker",NA,NA,"105","183","165575","josh-van-der-flier",NA,"26252","8508"
"108","Q18637720","Stuart McCloskey","Stuart","McCloskey","male","1992-8-6","Bangor",NA,NA,"United Kingdom",NA,"centre",NA,NA,NA,NA,"216409","stuart-mccloskey",NA,"31431","8504"
"109","Q3018651","David Quinlan","David","Quinlan","male","1978-1-4","Dublin",NA,NA,"Ireland",NA,"centre",NA,NA,NA,NA,"14909",NA,NA,"1778","13750"
"110","Q3051471","Charles Elliot Allen","Charles","Allen","male","1880-10-14","Gibraltar","1966-1-15","Winnipeg","United Kingdom, United Kingdom of Great Britain and Ireland",NA,NA,NA,NA,NA,NA,"1419",NA,NA,NA,NA
"111","Q3369596","Pat Lavery","Patrick","Lavery","male","1949-4-29","Cheltenham",NA,NA,"Ireland",NA,"winger, centre",NA,NA,NA,NA,"8200",NA,"121bw028",NA,NA
"112","Q2959303","Charles Hallaran","Charles","Hallaran","male","1897-6-10","Ireland","1941-3-21","Worcester","Ireland",NA,"lock",NA,NA,NA,NA,"2759",NA,"121srb4_",NA,NA
"113","Q3345828","Noël Henderson","Noël","Henderson","male","1928-8-10","Drumahoe","1997-8-27","Belfast","Ireland",NA,"centre",NA,NA,NA,NA,"5156",NA,"120t9sy0",NA,NA
"114","Q7369544","Ross Nesdale","Ross, Patrick",NA,"male","1969-7-30","Feilding",NA,NA,"Ireland, New Zealand","Ireland","hooker",NA,"2001-01-01","103","177","12434",NA,NA,NA,NA
"115","Q3569069","Willie Duggan","Willie","Duggan","male","1950-3-12","Kilkenny","2017-8-28","Leinster","Ireland",NA,"number 8",NA,NA,NA,NA,"8340",NA,NA,NA,NA
"116","Q3181974","John Macauley","John","Macauley","male","1866-7-1","Limerick","1957-8-17","Listowel","Ireland",NA,NA,NA,NA,NA,NA,"783",NA,"122g8r2r",NA,NA
"117","Q63350023","James Hume","James","Hume","male","1998-9-7","Belfast",NA,NA,"United Kingdom","Ireland","centre",NA,NA,NA,NA,"298872","james-hume","11h6gwfj2t","16927","9893"
"118","Q47035437","Jordan Larmour","Jordan","Larmour","male","1997-10-6","Dublin",NA,NA,"Ireland","Ireland","winger, fullback","2017-01-01",NA,"87","178","294481","jordan-larmour","11hbg9bchr","39234","9908"
"119","Q16008751","George J. Morgan","George","Morgan","male","1912-3-24","Dublin","1979-4-18","Dublin","Ireland",NA,"scrum-half",NA,NA,NA,NA,"4171",NA,NA,NA,NA
"120","Q3439575","Roger Wilson","Roger","Wilson","male","1981-9-21","Belfast",NA,NA,"United Kingdom",NA,"number 8",NA,"2017-01-01","106","191","14916","roger-wilson",NA,"897","12197"
"121","Q5119154","Ciaran Scally","Ciaran","Scally","male",NA,NA,NA,NA,"Ireland",NA,"scrum-half",NA,NA,NA,NA,NA,NA,NA,NA,NA
"122","Q540060","Ken Kennedy","Ken","Kennedy","male","1941-5-10","Rochester","2022-7-16",NA,"United Kingdom",NA,"hooker",NA,"1980-01-01","81","182","6973",NA,NA,NA,NA
"123","Q768874","Sean O'Brien","Sean","O'Brien","male","1987-2-14","Dublin",NA,NA,"Ireland",NA,"flanker","2008-01-01",NA,"105","188","27724","sean-o-brien",NA,"5350","9932"
"124","Q3127856","Harry Lindsay","Harry","Lindsay","male","1871-7-1","Armagh","1908-7-17","Ballymoney",NA,NA,NA,NA,NA,NA,NA,"1074",NA,"122bg153",NA,NA
"125","Q3048473","Edward Fitzhardinge Campbell","Edward","Campbell","male","1880-1-17",NA,"1957-12-13","Daventry","Irish Free State, United Kingdom of Great Britain and Ireland",NA,"winger",NA,NA,NA,NA,"1331",NA,NA,NA,NA
"126","Q3308491","Michael Ryan","Michael","Ryan","male","1871-7-1",NA,"1947-8-19",NA,NA,NA,NA,NA,NA,NA,NA,"1261",NA,"155sqwf5",NA,NA
"127","Q3337816","Neil Francis","Neil","Francis","male","1964-3-17","Dublin",NA,NA,"Ireland",NA,"number 8",NA,"1997-01-01","119","198","10263",NA,NA,NA,"12768"
"128","Q3299529","Matt McCullough","Matt","McCullough","male","1981-9-9",NA,NA,NA,"Ireland",NA,"lock",NA,NA,NA,NA,"14904",NA,NA,"855","13748"
"129","Q4723505","Alfred Tedford","Alfred","Tedford","male","1877-1-7",NA,"1942-1-6",NA,"United Kingdom, United Kingdom of Great Britain and Ireland",NA,NA,NA,NA,NA,NA,"1512",NA,NA,NA,NA
"130","Q7341423","Robert Alexander","Robert","Alexander","male","1910-9-24","Belfast","1943-7-19","Simeto","United Kingdom",NA,"flanker",NA,NA,NA,NA,"4331",NA,NA,NA,NA
"131","Q16995292","James Tracy","James","Tracy","male","1991-4-2","Dublin",NA,NA,"Ireland",NA,"hooker",NA,NA,NA,NA,NA,NA,NA,NA,NA
"132","Q16233503","Noel Reid","Noel","Reid","male","1990-5-22","Dublin",NA,NA,"Ireland",NA,"centre",NA,NA,NA,NA,"116760","noel-reid",NA,"16886","13717"
"133","Q3557237","Victor Costello","Victor","Costello","male","1970-10-23","Dublin",NA,NA,"Ireland",NA,"flanker",NA,"2005-01-01","122","196","12146",NA,NA,NA,"12735"
"134","Q6407626","Killian Keane","Killian","Keane","male","1971-8-1",NA,NA,NA,"Ireland",NA,"centre",NA,NA,NA,NA,NA,NA,NA,NA,NA
"135","Q770412","Tom McGown","Tom","McGown","male","1876-2-22","Belfast","1956-7-15","High Wycombe","Ireland",NA,NA,NA,NA,NA,NA,"1329",NA,NA,NA,NA
"136","Q3161585","Jammie Clinch","Jamie","Clinch","male","1901-9-28","Clondalkin","1981-5-1","Dublin","Ireland",NA,"flanker",NA,NA,NA,NA,"2978",NA,"121gppfc",NA,NA
"137","Q2886805","Basil Maclear","Basil",NA,"male","1881-4-7","Portsmouth","1915-5-26","Ypres","United Kingdom of Great Britain and Ireland",NA,"centre","1904-01-01",NA,NA,NA,"1699",NA,NA,NA,NA
"138","Q29865939","Rory O'Loughlin","Rory","O'Loughlin","male","1994-1-21","Dublin",NA,NA,"Ireland","Ireland","winger, centre",NA,NA,NA,NA,"293293","rory-o-loughlin","11ddzyjs19","36472","9955"
"139","Q6115159","Jack Siggins","Jack","Siggins","male","1909-6-28","Belfast","1995-12-24","Belfast","United Kingdom, United Kingdom of Great Britain and Ireland",NA,"number 8",NA,NA,NA,NA,"3831",NA,NA,NA,NA
"140","Q439453","Keith Earls","Keith","Earls","male","1987-10-2","Limerick",NA,NA,"Ireland",NA,"fullback","2007-01-01",NA,"90","178","15966","keith-earls",NA,"4843","9907"
"141","Q3022790","Denis Leamy","Denis","Leamy","male","1981-11-27","Cashel",NA,NA,"Ireland",NA,"flanker",NA,"2012-01-01","108","188","14667",NA,NA,"953","12714"
"142","Q19517709","Finlay Bealham","Finlay",NA,"male","1991-10-9","Canberra",NA,NA,"Ireland, Australia","Ireland","prop",NA,NA,"118","188","134572","finlay-bealham",NA,"22370","8512"
"143","Q6163898","Jasper Brett","Jasper","Brett","male","1895-8-8",NA,"1917-2-4","Dalkey","United Kingdom of Great Britain and Ireland",NA,"winger",NA,NA,NA,NA,"2502",NA,NA,NA,NA
"144","Q2972218","Ciaran Fitzgerald","Ciaran","Fitzgerald","male","1952-6-4","Galway",NA,NA,"Ireland",NA,"hooker",NA,NA,NA,NA,"8808",NA,NA,NA,"19123"
"145","Q7352334","Robin Copeland","Robin","Copeland","male","1987-10-23","Wexford",NA,NA,"Ireland",NA,"lock",NA,NA,NA,NA,"169070","robin-copeland",NA,"22040","13720"
"146","Q7330366","Richardt Strauss","Richardt","Strauss","male","1986-1-29","Pretoria",NA,NA,"South Africa","South Africa, Ireland","hooker",NA,"2018-01-01","101","173","91529","richardt-strauss",NA,"5659","9962"
"147","Q3142418","Hugo MacNeill","Hugo","MacNeill","male","1958-9-16","Dublin",NA,NA,"Ireland",NA,"fullback","1977-01-01",NA,NA,NA,"9305",NA,NA,"8912","12860"
"148","Q2885784","Barry Murphy","Barry","Murphy","male","1982-11-28","Limerick",NA,NA,"Ireland",NA,"winger",NA,NA,NA,NA,"15621",NA,NA,"3468","13736"
"149","Q20738399","Vincent McNamara","Vincent","McNamara","male","1891-4-11","Blackrock","1915-11-29","Suvla Bay",NA,NA,"scrum-half",NA,NA,NA,NA,"2495",NA,"11b81x3608",NA,NA
"150","Q3308051","Michael Bradley","Michael","Bradley","male","1962-11-17","Cork",NA,NA,"Ireland",NA,"scrum-half","1982-01-01","1995-01-01",NA,NA,"9553",NA,"11gslqprq_","4711","12765"
"151","Q3179047","James Leo Farrell","James","Farrell","male","1903-8-7","United Kingdom of Great Britain and Ireland","1979-10-24","Cirencester","Ireland",NA,"flanker",NA,NA,NA,NA,"3306",NA,NA,NA,NA
"152","Q28853743","Jacob Stockdale","Jacob","Stockdale","male","1996-4-3","Lisburn",NA,NA,"United Kingdom","Ireland","centre",NA,NA,"102","191","258963","jacob-stockdale","11g6p02dg6","34344","9917"
"153","Q3098563","Gary Halpin","Gary","Halpin","male","1966-2-14","Dublin","2021-2-22",NA,"Ireland","Ireland","prop",NA,"2001-01-01","111","183","10693",NA,NA,"4707","12770"
"154","Q5373476","Emmet Byrne","Emmet","Byrne","male","1973-4-4",NA,NA,NA,"Ireland",NA,"prop",NA,NA,NA,NA,"13566",NA,NA,"1050",NA
"155","Q2993552","Conor Murray","Conor","Murray","male","1989-4-20","Limerick",NA,NA,"Ireland","Ireland","scrum-half","2010-01-01",NA,"94","188","96413","conor-murray",NA,"16212","8506"
"156","Q6111032","Jack Arigho","Edward, John",NA,"male","1907-7-10",NA,"1999-11-29",NA,"Ireland",NA,"winger",NA,NA,NA,NA,"3523",NA,NA,NA,NA
"157","Q3431310","Richard Wallace","Richard","Wallace","male","1968-1-16","Cork",NA,NA,"Ireland",NA,"winger",NA,"1999-01-01","88","180","11040",NA,NA,"4704","12762"
"158","Q6847877","Mike McCarthy","Mike","McCarthy","male","1981-11-27","London",NA,NA,"United Kingdom",NA,"flanker",NA,NA,NA,NA,"27672","mike-mccarthy",NA,"903","9960"
"159","Q2924991","Brian Robinson","Brian","Robinson","male","1966-3-20","Belfast",NA,NA,"United Kingdom",NA,"number 8","1985-01-01",NA,NA,NA,"10962",NA,NA,"9135","12847"
"160","Q7149916","Paul Collins","Paul","Collins","male","1959-12-7","Cork",NA,NA,"Ireland",NA,"flanker",NA,NA,NA,NA,"9909",NA,NA,NA,NA
"161","Q6249732","John Muldoon","John","Muldoon","male","1982-11-30","Ballinasloe",NA,NA,"Ireland",NA,"number 8, flanker",NA,NA,NA,NA,"2715","john-muldoon",NA,"3549","13728"
"162","Q3481354","Shane Byrne","Shane","Byrne","male","1971-7-18","Aughrim",NA,NA,"Ireland",NA,"hooker",NA,"2010-01-01","98","178","11969",NA,NA,"523","12738"
"163","Q2884703","Barney Mullan","Barney","Mullan","male",NA,NA,"1986-9-25","Naas",NA,NA,"winger",NA,NA,NA,NA,"4928",NA,"120x67dn",NA,NA
"164","Q29045687","William Hallaran","William","Hallaran","male","1861-4-19",NA,"1917-1-23",NA,NA,NA,NA,NA,NA,NA,NA,"687",NA,"11dxl96607",NA,NA
"165","Q3313472","Mike Mullins","Mike","Mullins","male","1970-10-29","Auckland",NA,NA,"New Zealand","Ireland","centre",NA,"2005-01-01","93","178","13243",NA,NA,"1424","5133"
"166","Q39073320","Tom Clifford","Tom",NA,"male","1923-11-15",NA,"1990-10-1",NA,NA,NA,"prop",NA,NA,NA,NA,NA,NA,"11f006c2c0",NA,NA
"167","Q16105354","Mike Hipwell","Mike","Hipwell","male","1940-7-15",NA,NA,NA,"Ireland",NA,"number 8",NA,NA,NA,NA,NA,NA,NA,NA,NA
"168","Q543795","Simon Best","Simon","Best","male","1978-2-11","Craigavon Borough Council",NA,NA,"United Kingdom",NA,"prop",NA,"2008-01-01","114","185","14232",NA,NA,"616","12725"
"169","Q3161196","James Kavanagh","James","Kavanagh","male","1931-1-21","Ireland",NA,NA,"Ireland",NA,"flanker",NA,NA,NA,NA,"5584",NA,"121dvsw6",NA,NA
"170","Q5056228","Cecil Moriarty","Cecil","Moriarty","male","1877-1-28","Tralee","1958-4-7","Tenbury Wells",NA,NA,NA,NA,NA,NA,NA,"1344",NA,NA,NA,NA
"171","Q1400144","Jonathan Sexton","Jonathan","Sexton","male","1985-7-11","Dublin",NA,NA,"Ireland",NA,"fly-half","2005-01-01","2023-01-01","92","188","16004","jonathan-sexton",NA,"4545","8505"
"172","Q5214513","Dan Tuohy","Dan","Tuohy","male","1985-6-18","Bristol",NA,NA,"United Kingdom",NA,"lock",NA,NA,NA,NA,"27307","dan-tuohy",NA,"5347","9978"
"173","Q5512417","G. R. Symes","G.","Symes","male","1869-7-18",NA,NA,NA,NA,NA,"fullback",NA,NA,NA,NA,NA,NA,NA,NA,NA
"174","Q454123","Rob Kearney","Robert","Kearney","male","1986-3-26","Dublin",NA,NA,"Ireland",NA,"winger","2005-01-01","2022-01-01","95","185","15208","rob-kearney",NA,"3575","6081"
"175","Q3538586","Trevor Hogan","Trevor","Hogan","male","1979-11-19","Tipperary",NA,NA,"Ireland",NA,"lock",NA,NA,NA,NA,"14902",NA,NA,"951","13743"
"176","Q3294170","Mark McHugh","Mark","McHugh","male","1978-8-9",NA,NA,NA,"Ireland",NA,"fullback",NA,NA,NA,NA,"14234",NA,NA,"3545","2728"
"177","Q3324946","Moss Keane","Moss","Keane","male","1948-7-27","Ireland","2010-10-5",NA,"Ireland",NA,"lock",NA,NA,NA,NA,"8197",NA,NA,NA,NA
"178","Q6387685","Ken Goodall","Ken","Goodall","male","1947-2-23",NA,"2006-8-17",NA,"United Kingdom",NA,"number 8",NA,NA,NA,NA,"7171",NA,NA,NA,NA
"179","Q3182405","John Ryan","John","Ryan","male",NA,NA,"1937-10-1","Cashel",NA,NA,NA,NA,NA,NA,NA,"1260",NA,"122brtsd",NA,NA
"180","Q3182200","John O'Driscoll","John","O'Driscoll","male","1953-11-26",NA,NA,NA,"Ireland",NA,"flanker",NA,NA,NA,NA,"8816",NA,NA,NA,"19129"
"181","Q6838386","Mick O'Flanagan","Mick","O'Flanagan","male","1922-9-29","Dublin","2015-9-13","Dublin","Ireland",NA,"centre",NA,NA,NA,NA,"5044",NA,NA,NA,NA
"182","Q16233073","James Cronin","James","Cronin","male","1990-11-23","Cork",NA,NA,"Ireland",NA,"prop",NA,NA,NA,NA,"180368","james-cronin",NA,"28294","9959"
"183","Q3262584","Louis Magee","Louis","Magee","male","1874-5-1","Dublin","1945-4-4","Dunboyne","Ireland",NA,"fly-half",NA,NA,NA,NA,"1149",NA,NA,NA,NA
"184","Q3308048","Michael Bradley","Michael","Bradley","male","1897-10-16","Cork","1951-7-14","Cork","Ireland",NA,"prop",NA,NA,NA,NA,"2652",NA,"1ygbcfnmp",NA,NA
"185","Q2038034","Paul O'Connell","Paul","O'Connell","male","1979-10-20","Limerick",NA,NA,"Ireland",NA,"lock","2001-01-01","2016-01-01","112","198","13857","paul-o-connell",NA,"520","9974"
"186","Q964516","Gordon D'Arcy","Gordon","D'Arcy","male","1980-2-10","Wexford",NA,NA,"Ireland",NA,"centre","1999-01-01","2015-01-01","91","180","13262","gordon-d-arcy",NA,"512","9982"
"187","Q7023971","Niall Woods","Niall","Woods","male","1971-6-21",NA,NA,NA,"Ireland",NA,"winger",NA,NA,NA,NA,NA,NA,NA,NA,NA
"188","Q1267572","Frank Stoker","Frank","Stoker","male","1867-5-29","Dublin","1939-1-8","Dublin","Ireland, United Kingdom, United Kingdom of Great Britain and Ireland","Ireland",NA,NA,NA,NA,NA,NA,NA,NA,NA,NA
"189","Q6140218","James Myles","James","Myles","male","1877-1-1","County Donegal","1956-2-13",NA,"Ireland, Irish Free State",NA,NA,NA,NA,NA,NA,NA,NA,NA,NA,NA
"190","Q5981945","Ian Keatley","Ian","Keatley","male","1987-4-1","Dublin",NA,NA,"Ireland",NA,"fly-half","2008-01-01",NA,"82","176","15977","ian-keatley",NA,"4842","9944"
"191","Q30502098","Nick Timoney","Nick","Timoney","male","1995-8-1","Dublin",NA,NA,"Ireland","Ireland","flanker",NA,NA,NA,NA,"22811","nick-timoney","11fx7vqbny","33965","9904"
"192","Q6132811","James Downey","James","Downey","male","1981-3-23","Dublin",NA,NA,"Ireland",NA,"centre",NA,NA,NA,NA,"27820",NA,NA,NA,NA
"193","Q16846337","Luke McGrath","Luke","McGrath","male","1993-2-3","Hamilton",NA,NA,"Ireland",NA,"scrum-half",NA,NA,"84","175","158703","luke-mcgrath",NA,"25333","9937"
"194","Q21176705","Charles MacIvor","Charles","MacIvor","male","1891-2-12","British West Indies","1913-10-18","Dublin",NA,NA,NA,NA,NA,NA,NA,"2249",NA,"11bw68d97g",NA,NA
"195","Q1146488","Malcolm O'Kelly","Malcolm","O'Kelly","male","1974-7-19","Chelmsford",NA,NA,"Ireland",NA,"lock","1995-01-01","2010-01-01","119","203","12547",NA,NA,"521","12726"
"196","Q3022828","Denis McBride","Denis","McBride","male","1964-9-9","Belfast",NA,NA,"United Kingdom",NA,"flanker",NA,"1997-01-01","90","180","10354",NA,NA,"4710","12766"
"197","Q6147865","Jamison Gibson-Park","Jamison","Gibson, Park","male","1992-2-23","Great Barrier Island",NA,NA,"New Zealand",NA,"scrum-half",NA,NA,"80","175","172719","jamison-gibson-park",NA,"26913","326"
"198","Q3147252","Ian Davidson","Ian","Davidson","male","1879-8-10","A20 road","1939-6-1","British Columbia",NA,NA,"winger",NA,NA,NA,NA,"1327",NA,"122h5qpc",NA,NA
"199","Q5442242","Felix Jones","Felix","Jones","male","1987-8-5","Dublin",NA,NA,"Ireland",NA,"fullback",NA,NA,NA,NA,"82144","felix-jones",NA,"12518","9971"
"200","Q3018134","David Irwin","David","Irwin","male","1959-2-1","Belfast",NA,NA,"United Kingdom",NA,"centre",NA,"1990-01-01","84","186","9117",NA,NA,NA,"12868"
"201","Q2972202","Cian Healy","Cian","Healy","male","1987-10-7","Dublin",NA,NA,"Ireland",NA,"prop","2007-01-01",NA,"110","186","15972","cian-healy",NA,"4831","9508"
"202","Q3339448","Niall Hogan","Niall","Hogan","male","1971-4-20","Dublin",NA,NA,"Ireland",NA,"scrum-half",NA,"1998-01-01","80","173","11935",NA,NA,"4714","12775"
"203","Q8017711","William Roche","William","Roche","male","1895-3-28","Limerick","1983-6-26","Bandon","Ireland",NA,"number 8",NA,NA,NA,NA,"2637",NA,NA,NA,NA
"204","Q376378","David Humphreys","David","Humphreys","male","1971-9-10","Belfast",NA,NA,"United Kingdom",NA,"fly-half","1990-01-01","2008-01-01","86","178","12165",NA,NA,"614","12733"
"205","Q38458403","Hugo Keenan","Hugo","Keenan","male","1996-6-18","Dublin",NA,NA,"Ireland",NA,"fullback",NA,NA,"92","185","285683","hugo-keenan","11f06k9w4h","36673","8502"
"206","Q8017129","William Purdon","William","Purdon","male","1881-12-28","Belfast","1950-12-1","Kensington","United Kingdom, United Kingdom of Great Britain and Ireland",NA,"scrum-half","1941-01-01",NA,NA,NA,"1803",NA,NA,NA,NA
"207","Q2927442","Buck Buchanan","Buck","Buchanan","male","1904-5-21",NA,"1956-11-24","Barnet","Ireland",NA,"prop",NA,NA,NA,NA,"3317",NA,"122jqjzs",NA,NA
"208","Q2396686","Daniel Frederick Rambaut","Daniel",NA,"male","1865-8-6","Waterford","1937-11-30","Northampton","United Kingdom",NA,NA,NA,NA,NA,NA,"787",NA,NA,NA,NA
"209","Q7023848","Niall Brophy","Niall","Brophy","male","1935-11-19","Dublin","2023-3-10",NA,"Ireland",NA,"winger",NA,NA,NA,NA,"6110",NA,NA,NA,NA
"210","Q5055971","Cecil Boyd","Cecil","Boyd","male","1875-6-27","Dublin","1942-2-27","Victoria","Ireland",NA,"fullback",NA,NA,NA,NA,"1201",NA,NA,NA,NA
"211","Q7408290","Sam Walker","Sam","Walker","male","1912-4-21","Belfast","1972-1-20","Belfast","United Kingdom, United Kingdom of Great Britain and Ireland","Ireland","prop",NA,NA,NA,NA,"4173",NA,NA,NA,NA
"212","Q5012275","CJ Stander",NA,NA,"male","1990-4-5","George",NA,NA,"South Africa",NA,"flanker",NA,NA,"114","185","117453","cj-stander",NA,"17373","9914"
"213","Q6405414","Kieran Marmion","Kieran","Marmion","male","1992-2-11","Barking",NA,NA,"Ireland",NA,"scrum-half",NA,NA,NA,NA,"158694","kieran-marmion",NA,"26967","9928"
"214","Q5289697","Dolway Walkington",NA,NA,"male","1867-1-25","Belfast","1926-3-17","Belfast","United Kingdom of Great Britain and Ireland",NA,"fullback",NA,NA,NA,NA,"791",NA,NA,NA,NA
"215","Q5224236","Darragh O'Mahony","Darragh","O'Mahony","male","1972-8-18","Cork",NA,NA,"Ireland",NA,"winger",NA,"2008-01-01","83","180","12012",NA,NA,NA,NA
"216","Q733831","Ronan O'Gara","Ronan",NA,"male","1977-3-7","San Diego",NA,NA,"United States of America","Ireland","fly-half","1997-01-01","2013-01-01","83","183","13312","ronan-o-gara",NA,"515","12715"
"217","Q64746908","Ryan Baird","Ryan","Baird","male","1999-7-26","Dublin",NA,NA,"Ireland",NA,"lock, flanker",NA,NA,"113","198","301799","ryan-baird","11flc2cmx9","41348","9111"
"218","Q16233847","David Heffernan","David","Heffernan","male","1991-1-31","Ballina",NA,NA,"Ireland",NA,"hooker",NA,NA,NA,NA,"134570","david-heffernan",NA,"22451","9900"
"219","Q6233535","John Fogarty","John","Fogarty","male","1977-10-18","Cork",NA,NA,"Ireland",NA,"hooker",NA,NA,NA,NA,"15200",NA,NA,NA,"13715"
"220","Q4120947","Craig Gilroy","Craig","Gilroy","male","1991-3-11","Belfast",NA,NA,"United Kingdom",NA,"winger",NA,NA,NA,NA,"129490","craig-gilroy",NA,"22231","9948"
"221","Q6828583","Michael Bent","Michael","Bent","male","1986-4-25","Hāwera",NA,NA,"New Zealand",NA,"prop",NA,NA,NA,NA,"120354","michael-bent",NA,"17867","567"
"222","Q7340879","Robbie Diack","James, Robert","Diack","male","1985-11-12","Johannesburg",NA,NA,"South Africa",NA,"flanker",NA,NA,NA,NA,"27641","robbie-diack",NA,"5514","9972"
"223","Q439402","Tommy Bowe","Tommy","Bowe","male","1984-2-22","Monaghan",NA,NA,"United Kingdom",NA,"winger","2003-01-01","2018-01-01","98","191","14655","tommy-bowe",NA,"862","9943"
"224","Q3538563","Trevor Brennan","Trevor","Brennan","male","1973-9-22","Dublin, Leixlip",NA,NA,"Ireland, France",NA,"flanker",NA,"2007-01-01","105","196","12898",NA,NA,"292","12749"
"225","Q4889314","Benjamin Tuke","Benjamin","Tuke","male","1870-1-1",NA,"1936-1-1","Chelsea","Ireland, United Kingdom, United Kingdom of Great Britain and Ireland",NA,NA,NA,NA,NA,NA,NA,NA,NA,NA,NA
"226","Q3160904","James Barnett Allison","James","Allison","male","1880-6-28","Monaghan","1907-3-31","Montréal","Canada",NA,"centre",NA,NA,NA,NA,"1323",NA,"11b8_mj676",NA,NA
"227","Q17266719","Joseph Chambers","Joseph","Chambers","male","1864-11-25","County Cavan","1935-9-22",NA,NA,"Ireland",NA,NA,NA,NA,NA,"753",NA,"11bbqxbskz",NA,NA
"228","Q3182102","John Moloney","John","Moloney","male","1949-8-27","Limerick",NA,NA,"Ireland",NA,"scrum-half",NA,NA,NA,NA,"7676",NA,NA,NA,NA
"229","Q6792999","Maurice Daly","Maurice","Daly","male","1914-8-1",NA,"1994-11-3",NA,NA,NA,"winger",NA,NA,NA,NA,NA,NA,NA,NA,NA
"230","Q7023909","Niall Malone","Niall","Malone","male","1971-4-30","Leeds",NA,NA,"Ireland",NA,"fly-half",NA,NA,NA,NA,NA,NA,NA,NA,NA
"231","Q3294161","Mark McCall","Mark","McCall","male","1967-11-29","Bangor",NA,NA,"United Kingdom",NA,"centre",NA,NA,NA,NA,"11206",NA,NA,"9055","14587"
"232","Q1388702","Keith Wood","Keith","Wood","male","1972-1-27","County Clare",NA,NA,"Ireland",NA,"hooker","1992-01-01","2003-01-01","106","183","11361",NA,NA,"2630","12737"
"233","Q6985943","Ned Byrne","Ned","Byrne","male","1948-9-14","Kilkenny",NA,NA,"Ireland",NA,"prop",NA,NA,NA,NA,NA,NA,NA,NA,NA
"234","Q4798924","Arthur Gwynn","Arthur","Gwynn","male","1874-6-11",NA,"1898-2-14",NA,"United Kingdom of Great Britain and Ireland",NA,"winger",NA,NA,NA,NA,"1160",NA,NA,NA,NA
"235","Q5336097","Eddie Halvey","Eddie","Halvey","male","1970-8-11","Limerick",NA,NA,"Ireland",NA,"flanker",NA,"2004-01-01","108","193","11951",NA,NA,NA,NA
"236","Q4912723","Billy Holland","Billy","Holland","male","1985-8-3","Cork",NA,NA,"Ireland",NA,"flanker",NA,NA,NA,NA,NA,NA,NA,NA,NA
"237","Q1645731","Alain Rolland","Colm, Pierre, Alain","Rolland","male","1966-8-22","Dublin",NA,NA,"Ireland",NA,"scrum-half",NA,"1996-01-01","80","178","10913",NA,NA,"20661","14606"
"238","Q3178885","Jim McCarthy","Jim","McCarthy","male","1924-6-30","Cork","2015-4-21","Dublin","Ireland",NA,"flanker",NA,NA,NA,NA,"5020",NA,"1211q0rh",NA,NA
"239","Q434398","Jerry Flannery","Jerry","Flannery","male","1978-10-17","Galway",NA,NA,"Ireland",NA,"hooker",NA,"2012-01-01","100","180","15090",NA,NA,"958","12712"
"240","Q3181857","John Kelly","John","Kelly","male","1974-4-18","Dublin",NA,NA,"Ireland",NA,"winger",NA,"2008-01-01","89","178","13870",NA,NA,"955","12741"
"241","Q7931470","Vince Cunningham","Vince","Cunningham","male","1967-3-14","Dublin",NA,NA,"Ireland",NA,"centre",NA,NA,NA,NA,"10365",NA,NA,NA,NA
"242","Q387669","John Robbie","John","Robbie","male","1955-11-17","Dublin",NA,NA,"South Africa",NA,"scrum-half",NA,"1988-01-01","75","175","8472",NA,NA,NA,"19144"
"243","Q3178886","Jim McCoy","Jim, J.","McCoy","male","1958-6-28","Enniskillen",NA,NA,"Ireland",NA,"prop",NA,NA,NA,NA,"9720",NA,NA,NA,"12875"
"244","Q27840129","Brendan Foley","Brendan","Foley","male","1950-8-6","Limerick",NA,NA,NA,NA,"lock",NA,NA,NA,NA,NA,NA,"11c1wx2nwp",NA,NA
"245","Q7609958","Stephen McIvor","Stephen","McIvor","male","1969-2-5",NA,NA,NA,"Ireland",NA,"scrum-half",NA,NA,NA,NA,NA,NA,NA,NA,NA
"246","Q7341879","Robert Barnes","Robert","Barnes","male","1911-3-25",NA,"1987-3-12",NA,"United Kingdom, United Kingdom of Great Britain and Ireland",NA,"centre",NA,NA,NA,NA,"4093",NA,NA,NA,NA
"247","Q6114000","Jack McGrath","Jack","McGrath","male","1989-10-11","Dublin",NA,NA,"Ireland",NA,"prop",NA,NA,"118","185","114470","jack-mcgrath",NA,"16214","9933"
"248","Q110912902","Joe McCarthy","Joe","McCarthy","male","2001-3-26","Manhattan",NA,NA,NA,"Ireland","lock",NA,NA,NA,NA,NA,"joe-mccarthy","11pw8bwqyb","47018","9902"
"249","Q6793080","Maurice Field","Maurice","Field","male","1964-2-24","Carrickfergus",NA,NA,"United Kingdom","Ireland","centre",NA,"1998-01-01","91","183","11699",NA,NA,NA,NA
"250","Q6788781","Matt Healy","Matt","Healy","male","1989-3-14","Dublin",NA,NA,"Ireland",NA,"winger",NA,NA,NA,NA,"173466","matt-healy",NA,"16470","9966"
"251","Q3087002","Freddie McLennan","Freddie","McLennan","male","1951-2-8","Dublin",NA,NA,"Ireland",NA,"winger",NA,NA,NA,NA,"8677",NA,"121qybz9",NA,NA
"252","Q938814","Geordan Murphy",NA,"Murphy","male","1978-4-19","Dublin",NA,NA,"Ireland, United Kingdom",NA,"fullback","1997-01-01","2013-01-01","86","185","13431",NA,NA,"638","12708"
"253","Q23035224","Robertson Smyth","Robertson","Smyth","male","1879-8-18","County Down","1916-4-5",NA,"United Kingdom of Great Britain and Ireland",NA,NA,NA,NA,NA,NA,"1541",NA,"11c3w0kd_0",NA,NA
"254","Q381641","Girvan Dempsey",NA,"Dempsey","male","1975-10-2","Dublin",NA,NA,"Ireland",NA,"fullback","1993-01-01","2010-01-01","92","183","13030",NA,NA,"510","12718"
"255","Q742133","Des Fitzgerald","Des","Fitzgerald","male","1957-12-20","Dublin",NA,NA,"Ireland","Ireland","prop",NA,NA,NA,NA,"9729",NA,NA,NA,"12851"
"256","Q3177306","Jeremy Davidson","Jeremy","Davidson","male","1974-4-28","Belfast",NA,NA,"United Kingdom",NA,"flanker",NA,"2003-01-01","115","198","12131",NA,NA,"4276","12750"
"257","Q448172","Syd Millar","Syd","Millar","male","1934-5-23","Ballymena","2023-12-10",NA,"United Kingdom",NA,"prop","1956-01-01","1980-01-01","100","183","6256",NA,NA,NA,NA
"258","Q3082647","Frank Hewitt","Frank","Hewitt","male","1906-10-3",NA,NA,NA,"Ireland",NA,"fly-half",NA,NA,NA,NA,"3092",NA,"11gbhh25pq",NA,NA
"259","Q16845274","Jean Kleyn","Jean","Kleyn","male","1993-8-26","Krugersdorp",NA,NA,"South Africa","Ireland, South Africa","lock",NA,NA,"120","203","224443","jean-kleyn",NA,"28111","9935"
"260","Q21620887","Caolin Blade",NA,"Blade","male","1994-4-29","Galway",NA,NA,"Ireland",NA,"scrum-half",NA,NA,NA,NA,"224735","caolin-blade","11bwymnmlh","32030","9922"
"261","Q3311725","Mick Galwey","Mick","Galwey","male","1966-10-8","Ireland",NA,NA,"Ireland",NA,"lock",NA,NA,NA,NA,"10726",NA,NA,NA,"12858"
"262","Q2907612","Bob Casey","Bob","Casey","male","1978-7-18","Dublin",NA,NA,"Ireland",NA,"lock",NA,"2012-01-01","123","201","13255",NA,NA,"1223","12753"
"263","Q6277480","Jordi Murphy","Jordi","Murphy","male","1991-4-22","Barcelona",NA,NA,"Ireland",NA,"flanker","2011-01-01",NA,NA,NA,"117439","jordi-murphy",NA,"18849","9934"
"264","Q3434228","Rob Saunders","Rob","Saunders","male","1968-8-5","Nottingham",NA,NA,"United Kingdom",NA,"scrum-half",NA,NA,NA,NA,"10963",NA,NA,"9136","12846"
"265","Q2924970","Brian O'Meara","Brian","O'Meara","male","1976-4-5","Cork",NA,NA,"Ireland","Ireland","scrum-half",NA,"2007-01-01","91","175","12405",NA,NA,"1049","12756"
"266","Q6206674","Job Langbroek","Job","Langbroek","male","1957-7-1",NA,NA,NA,"Ireland",NA,"prop",NA,NA,NA,NA,"10245",NA,NA,NA,NA
"267","Q3360349","Paddy Wallace","Paddy","Wallace","male","1979-8-27","Belfast",NA,NA,"United Kingdom",NA,"fly-half",NA,"2014-01-01","83","181","15223","paddy-wallace",NA,"1322","12717"
"268","Q5232734","David Curtis","David","Curtis","male","1965-4-10","Harare",NA,NA,"Ireland",NA,"centre","1984-01-01",NA,NA,NA,"10966",NA,NA,NA,NA
"269","Q1896655","Rory Best","Rory","Best","male","1982-8-15","Craigavon",NA,NA,"United Kingdom",NA,"hooker",NA,"2019-01-01","106","180","15049","rory-best",NA,"1471","9930"
"270","Q3531929","Tony Ward","Tony","Ward","male","1954-10-9","Dublin",NA,NA,"Ireland",NA,"fly-half","1975-01-01",NA,NA,NA,"8821",NA,NA,NA,"12869"
"271","Q1445873","Peter Stringer","Peter","Stringer","male","1977-12-13","Cork",NA,NA,"Ireland",NA,"scrum-half","1998-01-01","2018-01-01","73","170","13283","peter-stringer",NA,"516","12720"
"272","Q3022739","Denis Hickie","Denis","Hickie","male","1976-2-13","Dublin",NA,NA,"Ireland",NA,"number 8","1996-01-01","2007-01-01","93","188","12432",NA,NA,"1440","12719"
"273","Q605864","Gabriel Fulcher","Gabriel","Fulcher","male","1969-11-27","Aldershot",NA,NA,"United Kingdom","Ireland","lock",NA,"2000-01-01","108","196","11806",NA,NA,"4708","12769"
"274","Q16232393","John Ryan","John","Ryan","male","1988-8-2","Cork",NA,NA,"Ireland",NA,"prop",NA,NA,NA,NA,"149936","john-ryan",NA,"24123","9093"
"275","Q6195251","Jim Glennon","Jim","Glennon","male","1953-7-7","Skerries",NA,NA,"Ireland",NA,"lock",NA,NA,NA,NA,NA,NA,NA,NA,NA
"276","Q2397148","Edmund Forrest","Edmund","Forrest","male","1870-10-5","Dublin","1902-2-20","Aden","Ireland",NA,NA,NA,NA,NA,NA,"834",NA,"12233p3s",NA,NA
"277","Q19818628","Dan Leavy","Dan","Leavy","male","1994-5-23","Dublin",NA,NA,"Ireland",NA,"flanker",NA,NA,NA,NA,"184443","dan-leavy",NA,"28860","9939"
"278","Q3518906","Terry Kingston","Terry","Kingston","male","1963-9-19","Cork",NA,NA,"Ireland",NA,"hooker",NA,"1996-01-01","99","178","10244",NA,NA,"4706","12771"
"279","Q21664044","Albert Stewart","Albert, Lewis","Stewart","male","1889-2-19","Belfast","1917-10-4",NA,"United Kingdom of Great Britain and Ireland",NA,"centre",NA,NA,NA,NA,"2393",NA,"11bwn4m63c",NA,NA
"280","Q4799704","Arthur Meares","Arthur","Meares","male","1874-1-1","Mullingar","1935-1-1","Newry",NA,NA,NA,NA,NA,NA,NA,"1235",NA,NA,NA,NA
"281","Q21622539","Garry Ringrose","Garry","Ringrose","male","1995-1-26","Blackrock",NA,NA,"Ireland",NA,"centre",NA,NA,"94","185","212583","garry-ringrose","11bwqm6kxx","30986","8503"
"282","Q447937","Jack Kyle","Jack","Kyle","male","1926-1-10","Belfast","2014-11-27","Bryansford","United Kingdom","Ireland","fly-half","1946-01-01","1963-01-01",NA,NA,"4807",NA,NA,NA,NA
"283","Q3022614","Denis Cussen","Denis","Cussen","male","1901-7-19","Newcastle West","1980-12-15","Richmond","Ireland",NA,"winger",NA,NA,NA,NA,"2758",NA,"122np5th",NA,NA
"284","Q2982645","Colin Patterson","Colin","Patterson","male","1955-3-3","Belfast",NA,NA,"United Kingdom",NA,"scrum-half",NA,NA,NA,NA,"8833",NA,NA,NA,"19137"
"285","Q3308215","Michael Gibson","Michael","Gibson","male","1954-3-3","Dublin",NA,NA,"Ireland",NA,"number 8",NA,"1991-01-01",NA,"198","8914",NA,"121ybfpg",NA,"19203"
"286","Q57586448","Caelan Doris","Caelan","Doris","male","1998-4-2","Ballina",NA,NA,"Ireland",NA,"number 8",NA,NA,"106","193","294492","caelan-doris","11ff53dkfq","42351","8507"
"287","Q3531703","Tony Buckley","Tony","Buckley","male","1980-10-8","Cork",NA,NA,"Ireland",NA,"prop",NA,"2014-01-01","138","196","15614","tony-buckley",NA,"3459","12713"
"288","Q22958684","Adam Byrne","Adam","Byrne","male","1994-4-20","Kill",NA,NA,"Ireland","Ireland","winger",NA,NA,NA,NA,"174778",NA,"11clwkqdgt","27729",NA
"289","Q7146830","Patrick Jackson","Patrick, David","Jackson","male","1992-1-5","Belfast",NA,NA,"United Kingdom",NA,"fly-half","2011-01-01",NA,"87","180","131727","paddy-jackson",NA,"22365","9946"
"290","Q3308294","Mike Kiernan","Mike","Kiernan","male","1961-1-17","Cork",NA,NA,"Ireland",NA,"centre","1980-01-01",NA,NA,NA,"9387",NA,NA,NA,"12862"
"291","Q374524","Sean Lynch","Sean","Lynch","male","1942-9-22",NA,NA,NA,"Ireland",NA,"prop",NA,NA,NA,NA,"7675",NA,NA,NA,NA
"292","Q3546366","Tyrone Howe","Tyrone","Howe","male","1971-4-2","Newtownards",NA,NA,"United Kingdom",NA,"winger",NA,NA,NA,NA,"13430",NA,NA,"514","14573"
"293","Q2927183","Bryan Young","Bryan","Young","male","1981-6-11","Ballymena",NA,NA,"United Kingdom",NA,"prop",NA,"2012-01-01","114","185","15278",NA,NA,"1426","12731"
"294","Q947144","Mike Gibson","Mike","Gibson","male","1942-12-3","Belfast",NA,NA,"United Kingdom",NA,"fly-half","1962-01-01","1984-01-01","81","180","6881",NA,NA,NA,NA
"295","Q5224836","Darren Cave","Darren","Cave","male","1987-4-5","Holywood",NA,NA,"United Kingdom",NA,"centre",NA,"2019-01-01","93","183","27640","darren-cave",NA,"5356","9981"
"296","Q3337803","Neil Best","Neil","Best","male","1979-3-4","Belfast",NA,NA,"United Kingdom",NA,"flanker",NA,NA,"106","188","15048",NA,NA,"856","12727"
"297","Q5450535","Finlay Jackson","Finlay","Jackson","male","1901-11-21",NA,"1941-3-13",NA,"United Kingdom, United Kingdom of Great Britain and Ireland",NA,"centre",NA,NA,NA,NA,"2964",NA,NA,NA,NA
"298","Q16003673","John Dowse","John","Dowse","male","1891-11-11","Glenageary","1964-8-16",NA,"Ireland, United Kingdom",NA,NA,NA,NA,NA,NA,"2464",NA,NA,NA,NA
"299","Q3308466","Mick Quinn","Michael","Quinn","male","1952-5-31","Dublin",NA,NA,"Ireland",NA,"fly-half",NA,NA,NA,NA,"8038",NA,NA,NA,NA
"300","Q7175798","Peter McKenna","Peter","McKenna","male","1974-11-24",NA,NA,NA,"Ireland",NA,"fullback",NA,NA,NA,NA,NA,NA,NA,NA,NA
"301","Q2925007","Brian Spillane","Brian","Spillane","male","1960-1-26","Cork",NA,NA,"Ireland",NA,"number 8","1979-01-01",NA,NA,NA,"9845",NA,NA,NA,"12864"
"302","Q3299535","Matt Mostyn","Matt","Mostyn","male","1974-9-10","Sydney",NA,NA,"Australia",NA,"winger",NA,"2008-01-01","96","188","13169",NA,NA,"3548","8011"
"303","Q16221027","Kieran Lewis","Kieran","Lewis","male","1980-8-19",NA,NA,NA,"Ireland",NA,"winger",NA,NA,NA,NA,NA,NA,NA,NA,NA
"304","Q3530903","Tom Tierney","Tom","Tierney","male","1976-9-1","Limerick","2023-2-24",NA,"Ireland",NA,"scrum-half",NA,"2007-01-01","83","183","13171",NA,NA,"3557","12746"
"305","Q3124678","H.G. Wells","Herbert","Wells","male","1871-5-1","Agra","1941-5-15","Hendon",NA,NA,NA,NA,NA,NA,NA,"971",NA,"121qmx7w",NA,NA
"306","Q3568470","William Byron","William","Byron","male","1876-7-1","Derry","1961-12-1","Belfast","United Kingdom, United Kingdom of Great Britain and Ireland",NA,NA,NA,NA,NA,NA,"1188",NA,"12245w76",NA,NA
"307","Q5982176","Ian Madigan","Ian","Madigan","male","1989-3-21","Dublin",NA,NA,"Ireland",NA,"centre","2009-01-01",NA,"90","180","96690","ian-madigan",NA,"13692","9958"
"308","Q3438231","Rodney O'Donnell","Rodney","O'Donnell","male","1956-8-16",NA,NA,NA,"Ireland",NA,"fullback",NA,NA,NA,NA,"8983",NA,NA,NA,"19133"
"309","Q4795072","Arnold Harvey","Arnold","Harvey","male","1878-4-17","Marsh's Library","1966-12-25","Dublin",NA,NA,NA,NA,NA,NA,NA,"1434",NA,NA,NA,NA
"310","Q2849150","Andy Mulligan","Andy","Mulligan","male","1936-2-4","Kasauli","2001-2-24","Medford","India, British Raj, Dominion of India",NA,"scrum-half",NA,NA,NA,NA,"6011",NA,NA,NA,NA
"311","Q6391168","Kenny Murphy","Kenny","Murphy","male","1966-7-21","Cork",NA,NA,"Ireland",NA,"fullback",NA,NA,NA,NA,"10695",NA,NA,NA,"12853"
"312","Q5906138","Horsey Browne","William","Browne","male","1903-1-29","Longford","1931-5-23",NA,"United Kingdom, United Kingdom of Great Britain and Ireland",NA,"hooker",NA,NA,NA,NA,"3228",NA,NA,NA,NA
"313","Q3370769","Paul Burke","Paul","Burke","male","1973-5-1","London",NA,NA,"United Kingdom",NA,"fly-half",NA,"2008-01-01","87","173","11932",NA,NA,"960","12774"
"314","Q62655690","Eric O'Sullivan","Eric","O'Sullivan","male","1995-11-30","Dublin",NA,NA,"Ireland",NA,"prop",NA,NA,NA,NA,"300709","eric-o-sullivan","11fkpwrprg","40305","9929"
"315","Q16195965","Phil Danaher","Phil","Danaher","male","1965-10-5","Abbeyfeale",NA,NA,"Ireland",NA,"fullback",NA,"1996-01-01",NA,NA,"10338",NA,NA,NA,NA
"316","Q7790049","Thomas Gisborne Gordon","Thomas, Gisborne","Gordon","male","1851-12-15","Belfast","1935-7-8",NA,"United Kingdom, United Kingdom of Great Britain and Ireland",NA,"fullback",NA,NA,NA,NA,"416",NA,NA,NA,NA
"317","Q3028719","Dion O'Cuinneagain","Dion",NA,"male","1972-5-24","Cape Town",NA,NA,"South Africa","Ireland","flanker",NA,"2001-01-01","102","193","12907",NA,NA,"4273","12747"
"318","Q5980469","Iain Henderson","Iain","Henderson","male","1992-2-21","Craigavon",NA,NA,"United Kingdom",NA,"lock, flanker","2005-01-01",NA,"116","198","134573","iain-henderson",NA,"22362","8518"
"319","Q3418271","Ralph Keyes","Ralph","Keyes","male","1961-3-1","Cork",NA,NA,"Ireland",NA,"fly-half","1983-01-01","1992-01-01","80","173","9842",NA,NA,"9137","12845"
"320","Q104632462","Jack Crowley","Jack","Crowley","male","2000-1-13","Innishannon",NA,NA,"Ireland","Ireland","fly-half, centre, fullback",NA,NA,"89","185","33614","jack-crowley","11n0z891s2","47007","9112"
"321","Q549490","Anthony Foley","Gerard, Anthony","Foley","male","1973-10-30","Limerick","2016-10-16","Suresnes","Ireland",NA,"flanker","1992-01-01","2008-01-01","111","191","11934",NA,NA,NA,"12734"
"322","Q3372399","Paul Wallace","Paul","Wallace","male","1971-12-30","Cork",NA,NA,"Ireland",NA,"prop",NA,"2003-01-01","110","185","12013",NA,NA,"4277","12752"
"323","Q6405344","Kieran Campbell","Kieran","Campbell","male","1979-7-6","Hillingdon",NA,NA,"Ireland",NA,"scrum-half",NA,NA,NA,NA,"14901",NA,NA,"859",NA
"324","Q6796084","Maxwell Carpendale","Maxwell",NA,"male","1864-7-3","Mumbai","1941-1-27",NA,NA,NA,NA,NA,NA,NA,NA,"758",NA,NA,NA,NA
"325","Q5540238","George Harman","George","Harman","male","1874-6-6",NA,"1975-12-14",NA,"Ireland",NA,"centre",NA,NA,NA,NA,"1328",NA,NA,NA,NA
"326","Q5585242","Gordon Hamilton","Gordon","Hamilton","male","1964-5-13","Belfast",NA,NA,"United Kingdom",NA,"flanker","1980-01-01",NA,NA,NA,"10961",NA,NA,NA,"12848"
"327","Q508105","Andrew Trimble","Andrew","Trimble","male","1984-10-20","Coleraine",NA,NA,"United Kingdom",NA,"centre","2005-01-01","2018-01-01","98","183","15083","andrew-trimble",NA,"3444","9951"
"328","Q100889956","Cian Prendergast","Cian","Prendergast","male","2000-2-23","Kildare",NA,NA,"Ireland",NA,"flanker",NA,NA,NA,NA,"33661","cian-prendergast","11qms52l11","47028","9903"
"329","Q3195748","Kevin Maggs","Kevin","Maggs","male","1974-6-3","Bristol",NA,NA,"United Kingdom",NA,"centre","1993-01-01","2011-01-01","92","180","12545",NA,NA,"513","12732"
"330","Q3181321","John Daly","John","Daly","male","1917-12-12","Cobh","1988-11-10","Chertsey","Ireland",NA,"prop",NA,NA,NA,NA,"4924",NA,NA,NA,NA
"331","Q28648790","Calvin Nash","Calvin","Nash","male","1997-8-8","Limerick",NA,NA,"Ireland",NA,"winger",NA,NA,NA,NA,"294502","calvin-nash","11c6f5c326","39241","12571"
"332","Q7152224","Paul Marshall","Paul","Marshall","male","1985-7-26","Lisburn",NA,NA,"Ireland",NA,"winger",NA,NA,NA,NA,NA,NA,NA,NA,NA
"333","Q6838156","Mick Doyle","Mick","Doyle","male","1941-10-13","Castleisland","2004-5-11","County Tyrone","Ireland",NA,"flanker",NA,NA,NA,NA,"6972",NA,NA,NA,NA
"334","Q3056350","Eric Miller","Eric","Miller","male","1975-9-23","Dublin",NA,NA,"Ireland",NA,"flanker",NA,"2006-01-01","108","188","12422",NA,NA,"1057","12742"
"335","Q7272286","Quinn Roux","Quinn","Roux","male","1990-10-30","Pretoria",NA,NA,"South Africa",NA,"lock",NA,NA,NA,NA,"146491","quinn-roux",NA,"22550","9927"
"336","Q16234993","Niall Scannell","Niall","Scannell","male","1992-4-8","Cork",NA,NA,"Ireland",NA,"hooker",NA,NA,NA,NA,"158695","niall-scannell",NA,"25343","9898"
"337","Q7047105","Noel McGrath","Noel","McGrath","male","1909-2-6","Wakefield","1974-8-15","Weymouth",NA,NA,"prop",NA,NA,NA,NA,"4194",NA,NA,NA,NA
"338","Q3436522","Robert Walkington","Robert",NA,"male","1854-8-8","Alabama","1916-7-22","Belfast",NA,NA,"fullback",NA,NA,NA,NA,"362",NA,"122h6yvr",NA,NA
"339","Q3190412","Justin Bishop","Justin","Bishop","male","1974-11-9","Crawley",NA,NA,"United Kingdom",NA,"winger",NA,"2010-01-01","90","185","12536",NA,NA,"1217","12745"
"340","Q3484266","Simon Easterby","Simon",NA,"male","1975-7-21","Harrogate",NA,NA,"United Kingdom",NA,"flanker",NA,"2010-01-01","100","190","13308",NA,NA,"519","12722"
"341","Q16234758","James Lowe","James","Lowe","male","1992-7-8","Nelson",NA,NA,"New Zealand",NA,"winger",NA,NA,"105","188","194469","james-lowe",NA,"26914","386"
"342","Q110442708","Tom Stewart","Tom","Stewart","male","2001-1-11","Belfast",NA,NA,"United Kingdom","Ireland","hooker",NA,NA,NA,NA,NA,"tom-stewart","11ptwzf60z","47033","12570"
"343","Q3161398","Jim Sealy","James","Sealy","male","1876-3-19","Dundrum","1949-2-4","Donnybrook","Ireland",NA,NA,NA,NA,NA,NA,"1189",NA,NA,NA,NA
"344","Q4897933","Bethel Solomons",NA,"Solomons","male","1885-2-27","Dublin","1965-9-11","Wandsworth",NA,NA,NA,NA,NA,NA,NA,"1950",NA,NA,NA,NA
"345","Q4965133","Brian Rigney","Brian","Rigney","male","1963-9-22","Port Laoise",NA,NA,"Ireland",NA,"lock",NA,NA,NA,NA,NA,NA,NA,NA,NA
"346","Q439487","Tomás O'Leary","Tomás","O'Leary","male","1983-10-22","Cork",NA,NA,"Ireland","Ireland","scrum-half",NA,NA,NA,NA,"15218","tomas-o-leary",NA,"3470","13726"
"347","Q3369806","Paddy Reid","Patrick","Reid","male","1924-3-17","Limerick","2016-1-8","Limerick","Ireland",NA,"centre",NA,NA,NA,NA,"4813",NA,NA,NA,NA
"348","Q64829489","Greg O'Shea","Greg","O'Shea","male","1995-3-23","Limerick",NA,NA,"Ireland",NA,"winger",NA,NA,NA,NA,NA,NA,"11h4bvdkm0",NA,NA
"349","Q24039454","Kieran Treadwell","Kieran","Treadwell","male","1995-11-6","Carshalton",NA,NA,"Ireland, United Kingdom","England, Ireland","lock",NA,NA,NA,NA,"212035","kieran-treadwell","11cn6fgmd8","30954","9574"
"350","Q7359172","Roger Young","Roger","Young","male","1943-6-29",NA,NA,NA,"United Kingdom",NA,"scrum-half",NA,NA,NA,NA,"6976",NA,NA,NA,NA
"351","Q3229550","Leo Cullen","Leo","Cullen","male","1978-1-9","Wicklow",NA,NA,"Ireland",NA,"lock",NA,"2014-01-01","111","198","13985","leo-cullen",NA,"1051","12716"
"352","Q3311741","Mick O'Driscoll","Mick","O'Driscoll","male","1978-10-8","Cork",NA,NA,"Ireland",NA,"lock",NA,"2013-01-01","113","196","13650",NA,NA,"450","13734"
"353","Q7123575","Paddy O'Donoghue","Paddy","O'Donoghue","male",NA,NA,NA,NA,"Ireland",NA,"prop",NA,NA,NA,NA,NA,NA,NA,NA,NA
"354","Q3360340","Paddy Johns","Paddy","Johns","male","1968-2-19","Portadown",NA,NA,"United Kingdom","Ireland","lock",NA,"2003-01-01","106","198","10908",NA,NA,NA,"12751"
"355","Q3557411","Victor Le Fanu","Victor","Le Fanu","male","1865-10-14","Dublin","1939-8-9","Bray","Ireland",NA,"scrum-half",NA,NA,NA,NA,"754",NA,NA,NA,NA
"356","Q7047139","Noel Murphy","Noel","Murphy","male","1904-12-27",NA,"1987-11-6",NA,"Ireland",NA,"flanker",NA,NA,NA,NA,"3768",NA,NA,NA,NA
"357","Q17019995","Tadhg Furlong","Tadhg","Furlong","male","1992-11-14","Wexford",NA,NA,"Ireland",NA,"prop",NA,NA,"119","183","136576","tadhg-furlong",NA,"22533","9507"
"358","Q3420542","Ray McLoughlin","Ray","McLoughlin","male","1939-8-24","Ballinasloe","2021-11-20",NA,"Ireland",NA,"prop",NA,NA,NA,NA,"6668",NA,NA,NA,NA
"359","Q356460","Dick Spring","Dick","Spring","male","1950-8-29","Tralee",NA,NA,"Ireland",NA,"fullback",NA,NA,NA,NA,"8212",NA,NA,NA,NA
"360","Q27838020","Andrew Porter","Andrew","Porter","male","1996-1-16","Dublin",NA,NA,"Ireland",NA,"prop",NA,NA,"125","183","258957","andrew-porter","11cs3ylbm7","34323","8514"
"361","Q3378823","Philip Orr","Philip","Orr","male","1950-12-14","Dublin",NA,NA,"Ireland",NA,"prop",NA,NA,NA,NA,"8492",NA,NA,NA,"12867"
"362","Q1255252","James Cecil Parke","James","Parke","male","1881-7-26","Clones","1946-2-27","Llandudno","Ireland, United Kingdom, Irish Free State, United Kingdom of Great Britain and Ireland","Ireland","centre",NA,NA,NA,NA,"1547",NA,NA,NA,NA
"363","Q3177350","Jeremy Staunton","Jeremy","Staunton","male","1980-5-7","Limerick",NA,NA,"Ireland",NA,"fullback",NA,NA,NA,NA,"13185",NA,NA,"972","13746"
"364","Q3109368","Glyn Allen","Glynn","Allen","male","1874-3-14",NA,"1949-1-4","Liverpool",NA,NA,"fly-half, scrum-half",NA,NA,NA,NA,"1186",NA,"121_4dxq",NA,NA
"365","Q30106076","Arthur Norman McClinton","Norman, Arthur","McClinton","male","1886-8-16","Belfast","1929-11-29","Belfast",NA,NA,"fly-half",NA,NA,NA,NA,"2109",NA,"11dzss6g0b",NA,NA
"366","Q6160072","Jared Payne","Jared","Payne","male","1985-10-13","Tauranga",NA,NA,"New Zealand","Ireland","centre","2006-01-01","2017-01-01","95","188","91589","jared-payne",NA,"5494","658"
"367","Q921935","Ryan Caldwell","Ryan","Caldwell","male","1984-9-1","Belfast",NA,NA,"United Kingdom",NA,"lock",NA,NA,NA,NA,"15959","ryan-caldwell",NA,"3446","13739"
"368","Q3568510","William Collis","Robert, William","Collis","male","1900-2-16","Killiney","1975-5-27",NA,"Ireland",NA,"hooker",NA,NA,NA,NA,"3069",NA,"122sgc76",NA,NA
"369","Q3476709","Sean Cronin","Seán","Cronin","male","1986-5-6","Limerick",NA,NA,"Ireland","Ireland","hooker","2005-01-01",NA,"101","180","15961","sean-cronin",NA,"5346","9931"
"370","Q62664755","Tom O'Toole","Tom","O'Toole","male","1998-9-23","Drogheda",NA,NA,"Ireland",NA,"prop",NA,NA,NA,NA,"298682","tom-o-toole","11h6kr1nwb","42363","8517"
"371","Q7819868","Tommy Smyth","Thomas","Smyth","male","1884-12-1","Belfast","1928-5-19","Paddington","United Kingdom, United Kingdom of Great Britain and Ireland",NA,"prop",NA,NA,NA,NA,"1949",NA,NA,NA,NA
"372","Q3023744","Derek McGrath","Derek","McGrath","male","1960-5-3",NA,NA,NA,"Ireland",NA,"flanker",NA,NA,NA,NA,"9735",NA,NA,"8915","12865"
"373","Q3376505","Peter Clohessy","Peter","Clohessy","male","1966-3-22","Limerick",NA,NA,"Ireland",NA,"prop",NA,"2002-01-01","106","180","11410",NA,NA,NA,"7990"
"374","Q2918762","Paddy Mayne","Robert, Paddy","Mayne","male","1915-1-11","Newtownards","1955-12-14","Newtownards","United Kingdom, United Kingdom of Great Britain and Ireland",NA,"lock","1939-01-01",NA,NA,NA,"4489",NA,NA,NA,NA
"375","Q5225185","Darren Sweetnam","Darren","Sweetnam","male","1993-5-5","Dunmanway",NA,NA,"Ireland",NA,"winger",NA,NA,NA,NA,"176321","darren-sweetnam",NA,"27837","9942"
"376","Q3068776","Fergus McFadden","Fergus","McFadden","male","1986-6-17","Kilkenny",NA,NA,"Ireland",NA,"winger","2007-01-01","2020-01-01","93","180","82145","fergus-mcfadden",NA,"5358","9940"
"377","Q3530733","Tom Grace","Tom","Grace","male","1948-10-24","Dublin",NA,NA,"Ireland",NA,"winger",NA,NA,NA,NA,"7674",NA,NA,NA,NA
"378","Q4798495","Arthur Douglas","Arthur","Douglas","male","1902-8-16",NA,"1937-6-27",NA,"United Kingdom, United Kingdom of Great Britain and Ireland",NA,"winger",NA,NA,NA,NA,"2992",NA,NA,NA,NA
"379","Q4864037","Barry Bresnihan","Barry",NA,"male","1944-3-13",NA,"2010-7-18",NA,"Ireland",NA,"centre",NA,NA,NA,NA,"7090",NA,NA,NA,NA
"380","Q7273670","R. H. Massy-Westropp","R.",NA,"male","1864-4-23","Worcester","1932-6-30","County Clare","United Kingdom, United Kingdom of Great Britain and Ireland",NA,NA,NA,NA,NA,NA,"755",NA,NA,NA,NA
"381","Q3376472","Peter Bracken","Peter","Bracken","male","1977-12-1","Tullamore",NA,NA,"Ireland",NA,"prop",NA,NA,NA,NA,"27779",NA,NA,"2973",NA
"382","Q3161232","James Lytle","James","Lytle","male","1875-5-18","Belfast","1928-7-11","Buenos Aires","United Kingdom, United Kingdom of Great Britain and Ireland",NA,NA,NA,NA,NA,NA,"1106",NA,"121jcdbj",NA,NA
"383","Q2960148","Charles Rooke","Charles","Rooke","male","1870-7-1","Dublin","1946-1-6","Wellington","Ireland",NA,NA,NA,NA,NA,NA,"965",NA,"120t9gs3",NA,NA
"384","Q20715436","Robert Burgess","Robert","Burgess","male","1890-12-25",NA,"1915-12-9","Armentières","United Kingdom of Great Britain and Ireland",NA,NA,NA,NA,NA,NA,"2332",NA,"11b81xbt1z",NA,NA
"385","Q5056263","Cecil Pedlow","Cecil",NA,"male","1934-1-20","Lurgan","2019-11-9",NA,"United Kingdom",NA,"centre",NA,NA,NA,NA,"5677",NA,NA,NA,NA
"386","Q16011219","Chris Farrell","Chris","Farrell","male","1993-4-16","Belfast",NA,NA,"Ireland",NA,"centre",NA,NA,NA,NA,"156530","chris-farrell",NA,"25153","9918"
"387","Q26923917","Ross Byrne","Ross, Patrick","Byrne","male","1995-4-8","Dublin",NA,NA,"Ireland",NA,"fly-half",NA,NA,"92","191","212589","ross-byrne","11c1q96bcj","30983","8521"
"388","Q3290269","Marcus Horan","Marcus","Horan","male","1977-9-7","Limerick",NA,NA,"Ireland",NA,"prop",NA,"2013-01-01","106","185","13429",NA,NA,"640","12724"
"389","Q6397118","Kevin O'Brien","Kevin","O'Brien","male","1955-6-5","Manchester",NA,NA,"Ireland","Ireland","fullback",NA,NA,NA,NA,NA,NA,NA,NA,NA
"390","Q448312","Willie John McBride","Willie","McBride","male","1940-6-6","County Antrim",NA,NA,"United Kingdom",NA,"lock","1959-01-01","1975-01-01","102","190","6667",NA,NA,NA,NA
"391","Q2925008","Brian Smith","Brian","Smith","male","1966-9-9","St George",NA,NA,"Australia",NA,"fly-half","1985-01-01","1994-01-01",NA,NA,"10187",NA,NA,"8793","9081"
"392","Q5983259","Ian Whitten","Ian","Whitten","male","1987-6-5","Lisburn",NA,NA,"United Kingdom",NA,"centre",NA,NA,NA,NA,"90180","ian-whitten",NA,"14903",NA
"393","Q7365469","Ronan Loughney","Ronan","Loughney","male","1984-11-1","Galway",NA,NA,"Ireland",NA,"prop",NA,NA,NA,NA,"27682",NA,NA,NA,NA
"394","Q18808571","Ultan Dillane","Ultan","Dillane","male","1993-11-9","Paris",NA,NA,"Ireland",NA,"lock",NA,NA,"115","198","251237","ultan-dillane",NA,"33808","9916"
"395","Q6848805","Mike Sherry","Mike","Sherry","male","1988-6-18","Limerick",NA,NA,"Ireland",NA,"hooker",NA,NA,NA,NA,NA,NA,NA,NA,NA
"396","Q3017705","David Corkery","David","Corkery","male","1972-11-6","Cork",NA,NA,"Ireland",NA,"flanker",NA,"2000-01-01","103","193","11800",NA,NA,"4274","12767"
"397","Q7152422","Paul McNaughton","Paul","McNaughton","male","1952-11-17","Dublin","2022-11-1",NA,"Ireland",NA,"centre",NA,NA,NA,NA,NA,NA,NA,NA,NA
"398","Q5318756","Dylan O'Grady","Dylan","O'Grady","male","1971-11-19","Manchester",NA,NA,"Ireland",NA,"flanker",NA,NA,NA,NA,"12730",NA,NA,NA,NA
"399","Q57586493","Ciarán Frawley","Ciarán","Frawley","male","1997-12-4","Sydney",NA,NA,"Ireland, Australia","Ireland","fly-half, centre, fullback",NA,NA,NA,NA,"294483","ciaran-frawley","11grv2zly4","39933","9906"
"400","Q3345864","Noel Murphy","Noel","Murphy","male","1937-2-22","Cork",NA,NA,"Ireland",NA,"flanker",NA,"1970-01-01","92","184","6217",NA,NA,NA,NA
"401","Q3121764","Guy Easterby","Guy","Easterby","male","1971-3-21","Tadcaster",NA,NA,"Ireland",NA,"scrum-half",NA,"2008-01-01","94","183","13309",NA,NA,"615","12740"
"402","Q5668066","Harry Corley","Harry","Corley","male","1878-8-15",NA,"1936-1-1",NA,NA,NA,"fly-half",NA,NA,NA,NA,NA,NA,NA,NA,NA
"403","Q130855032","Tom Gavin","Tom","Gavin","male","1922-3-28","Coventry","2009-12-25",NA,"Ireland, United Kingdom, United Kingdom of Great Britain and Ireland","Ireland",NA,NA,NA,NA,NA,"5151",NA,NA,NA,NA
"404","Q5643862","Ham Lambert",NA,"Lambert","male","1910-6-5",NA,"2006-10-10",NA,"Ireland",NA,"centre",NA,NA,NA,NA,"4187",NA,NA,NA,NA
"405","Q3183317","Jonathan Bell","Jonathan","Bell","male","1974-2-7","Belfast",NA,NA,"United Kingdom","Ireland","centre",NA,"2006-01-01","95","180","11799",NA,NA,"1427","12754"
"406","Q671300","Keith Gleeson","Keith","Gleeson","male","1976-6-17","Dublin",NA,NA,"Ireland, Australia","Ireland, Australia","flanker",NA,"2008-01-01","98","185","13851",NA,NA,"517","7905"
"407","Q5670978","Harry McDaniel","Harry","McDaniel","male",NA,"Newport","1932-12-2","Bath",NA,NA,NA,NA,NA,NA,NA,NA,NA,NA,NA,NA
"408","Q3036774","Donnacha Ryan","Donnacha","Ryan","male","1983-12-11","Limerick",NA,NA,"Ireland",NA,"flanker",NA,NA,"114","201","16000","donnacha-ryan",NA,"5953","9950"
"409","Q5234961","David Hewitt","David","Hewitt","male","1939-9-9","Belfast",NA,NA,"United Kingdom",NA,"centre",NA,NA,NA,NA,NA,NA,NA,NA,NA
"410","Q45189181","Tom Reid","Tom","Reid","male","1926-3-3","Limerick","1996-11-12","Montréal",NA,NA,NA,NA,NA,NA,NA,NA,NA,"11f30mg9k8",NA,NA
"411","Q30610270","Alexander Foster","Alexander","Foster","male","1890-6-22","Derry","1972-8-24","Bantry",NA,NA,"centre",NA,NA,NA,NA,"2087",NA,"11g8crp381",NA,NA
"412","Q5290509","Dominic Crotty","Dominic","Crotty","male","1974-7-26","Cork",NA,NA,"Ireland",NA,"winger",NA,NA,NA,NA,NA,NA,NA,NA,NA
"413","Q3018063","David Hewitt","David","Hewitt","male","1980-1-15",NA,NA,NA,"Ireland",NA,"fly-half",NA,NA,NA,NA,NA,NA,NA,"3204",NA
"414","Q439025","Donncha O'Callaghan",NA,"O'Callaghan","male","1979-3-24","Cork",NA,NA,"Ireland","Ireland","lock","1998-01-01","2018-01-01","114","198","14152","donncha-o-callaghan",NA,"525","12221"
"415","Q18098700","Jack O'Donoghue","Jack","O'Donoghue","male","1994-1-8","Waterford",NA,NA,"Ireland",NA,"flanker",NA,NA,NA,NA,NA,"jack-o-donoghue",NA,"28986",NA
"416","Q3181249","John Coffey","John","Coffey","male","1877-5-6","Dublin","1945-9-28","Dublin","Ireland",NA,NA,NA,NA,NA,NA,"1420",NA,"122kcl_m",NA,NA
"417","Q16232105","Dave Foley","Dave","Foley","male","1988-5-16","Clonmel",NA,NA,"Ireland",NA,"lock",NA,NA,NA,NA,"96412","dave-foley",NA,"8537","13719"
"418","Q7340198","Rob Henshaw","Rob","Henshaw","male","1993-6-12","Athlone",NA,NA,"Ireland",NA,"fullback","2012-01-01",NA,"100","191","169067","robbie-henshaw",NA,"26973","9509"
"419","Q540932","Brian Carney","Brian","Carney","male","1976-7-23","Cork",NA,NA,"Ireland",NA,"winger",NA,NA,NA,NA,"15615",NA,NA,"8425","13744"
"420","Q3219885","Lawrence Bulger","Lawrence","Bulger","male","1870-7-5","County Clare","1928-3-17","Twickenham","Ireland",NA,"winger",NA,NA,NA,NA,"1187",NA,NA,NA,NA
"421","Q5552905","Gerry McLoughlin","Gerry","McLoughlin","male","1952-6-11",NA,NA,NA,"Ireland",NA,"prop",NA,NA,NA,NA,NA,NA,NA,NA,NA
"422","Q2865234","Arthur McMaster","Arthur","McMaster","male","1945-12-2","Ballymena",NA,NA,"United Kingdom",NA,"winger",NA,NA,NA,NA,"7885",NA,"1232jm46",NA,NA
"423","Q3190437","Justin Fitzpatrick","Justin","Fitzpatrick","male","1973-11-21","Chichester",NA,NA,"United Kingdom","Ireland","prop",NA,"2010-01-01","117","185","12540",NA,NA,"55","12757"
"424","Q47004825","Jeremy Loughman","Jeremy","Loughman","male","1995-7-22","Reno",NA,NA,"United States of America","Ireland","prop",NA,NA,NA,NA,"255083","jeremy-loughman","11gf9731tx","33946","9899"
"425","Q5725870","Henry Millar","Henry","Millar","male",NA,NA,"1959-4-4",NA,"Ireland",NA,NA,NA,NA,NA,NA,NA,NA,NA,NA,NA
"426","Q1727793","Stephen Ferris","Stephen","Ferris","male","1985-8-2","Portadown",NA,NA,"Ireland",NA,"flanker",NA,"2014-01-01","116","193","15435","stephen-ferris",NA,NA,"12711"
"427","Q6222199","John Blayney","John","Blayney","male","1925-3-13","Ireland","2018-6-17","Dublin","Ireland",NA,"centre",NA,NA,NA,NA,"5315",NA,NA,NA,NA
"428","Q3434180","Rob Henderson","Rob","Henderson","male","1972-10-27","Dover",NA,NA,"United Kingdom",NA,"centre",NA,NA,NA,NA,"12389",NA,NA,"954","14575"
"429","Q3104335","Gerry Doran","Gerry","Doran","male","1877-7-15","Dublin","1943-3-31","Dún Laoghaire","Ireland",NA,"winger",NA,NA,NA,NA,"1332",NA,NA,NA,NA
"430","Q7781948","Theodore Pike","Theodore","Pike","male","1904-8-2","Thurles","1987-12-27","Guildford","United Kingdom, United Kingdom of Great Britain and Ireland",NA,"prop",NA,NA,NA,NA,"3413",NA,NA,NA,NA
"431","Q7087761","Oliver Piper","Oliver","Piper","male","1884-1-13","Neath","1933-4-22",NA,"United Kingdom of Great Britain and Ireland","Wales",NA,NA,NA,NA,NA,"2032",NA,NA,NA,NA
"432","Q7441215","Sean McCahill","Sean","McCahill","male","1968-1-1",NA,NA,NA,"New Zealand",NA,"centre",NA,NA,NA,NA,NA,NA,NA,NA,NA
"433","Q16234044","Martin Moore","Marty, Martin","Moore","male","1991-3-1","Dublin",NA,NA,"Ireland",NA,"prop",NA,NA,NA,NA,"136573","martin-moore",NA,"19798","9973"
"434","Q7143404","Pat Duignan","Pat",NA,"male","1972-5-1",NA,NA,NA,"Canada",NA,"centre",NA,NA,NA,NA,"13032",NA,NA,NA,NA
"435","Q7613961","Steve Smith","Steve","Smith","male","1959-7-18",NA,NA,NA,"United Kingdom",NA,"hooker",NA,NA,NA,NA,"10266",NA,NA,NA,NA
"436","Q5536821","George Beamish","George","Beamish","male","1905-4-29","Dunmanway","1967-11-13","Castlerock","United Kingdom",NA,"number 8",NA,NA,NA,NA,"3227",NA,NA,NA,NA
"437","Q5235886","David Kearney","David","Kearney","male","1989-7-19","Dublin",NA,NA,"Ireland",NA,"winger","2009-01-01",NA,"91","180","96691","dave-kearney",NA,"13695","9938"
"438","Q5512446","G. S. Brown","G.","Brown","male",NA,NA,NA,NA,NA,NA,"prop",NA,NA,NA,NA,NA,NA,NA,NA,NA
"439","Q544142","Eoin Reddan","Eoin","Reddan","male","1980-11-20","Limerick",NA,NA,"Ireland",NA,"centre","2001-01-01","2016-01-01","95","180","15107","eoin-reddan",NA,NA,"9961"
"440","Q7352890","Robin Wright","Robin","Wright","male","1900-1-1",NA,"1955-12-7",NA,NA,NA,"fullback","1912-01-01","1912-01-01",NA,NA,"2278",NA,NA,NA,NA
"441","Q16221683","Nathan White","Nathan","White","male","1981-9-18","Hāwera",NA,NA,"New Zealand","Ireland","prop",NA,"2016-01-01","118","188","110375","nathan-white",NA,"3976","716"
"442","Q16145626","Patrick Parfrey","Patrick","Parfrey","male","1950-8-12","Cork",NA,NA,"Canada, Ireland","Ireland","winger",NA,NA,NA,NA,NA,NA,NA,NA,NA
"443","Q18097233","Niyi Adeolokun",NA,NA,"male","1990-11-3","Ibadan",NA,NA,"Ireland, Nigeria",NA,"winger",NA,NA,NA,NA,"239723","niyi-adeolokun",NA,"32663","9968"
"444","Q2903293","Bill McKay","Bill","McKay","male","1921-7-12","Waterford","1997-10-15","Gisborne","Ireland",NA,"flanker",NA,NA,NA,NA,"4927",NA,"123609cd",NA,NA
"445","Q506434","Luke Fitzgerald","Luke","Fitzgerald","male","1987-9-13","Dublin",NA,NA,"Ireland",NA,"winger","2006-01-01","2016-01-01","91","185","15436","luke-fitzgerald",NA,"5732","9975"
"446","Q5242225","Davy Tweed","Davy","Tweed","male","1959-11-13","Ballymoney","2021-10-28","Dunseverick","United Kingdom","Ireland","lock",NA,"1996-01-01","114","199","11694",NA,NA,NA,"12780"
"447","Q3022741","Denis Hurley","Denis","Hurley","male","1984-7-15","Cork",NA,NA,"Ireland",NA,"centre",NA,NA,NA,NA,"15973","denis-hurley",NA,"5279","13732"
"448","Q7123530","Paddy Lane","Patrick","Lane","male","1934-9-7","County Clare","2012-7-23","Limerick","Ireland",NA,"hooker",NA,NA,NA,NA,"6891",NA,NA,NA,NA
"449","Q6106268","J. L. Davis","J.","Davis","male","1874-3-18","Borris",NA,NA,NA,NA,NA,NA,NA,NA,NA,NA,NA,NA,NA,NA
"450","Q2899351","Bertie O'Hanlon","Bertie","O'Hanlon","male","1924-10-23","Cork","2016-9-25","Cork","Ireland",NA,"winger",NA,NA,NA,NA,"4941",NA,"121p638_",NA,NA
"451","Q7926241","Victor Pike","Victor","Pike","male","1907-7-1","Thurles","1986-2-25","Salisbury","United Kingdom, United Kingdom of Great Britain and Ireland",NA,"hooker",NA,NA,NA,NA,"3859",NA,NA,NA,NA
"452","Q1406223","Fergus Slattery","Fergus","Slattery","male","1949-2-12","Dún Laoghaire",NA,NA,"Ireland",NA,"flanker","1967-01-01",NA,NA,NA,"7596",NA,NA,NA,NA
"453","Q47390306","Mack Hansen","Mack","Hansen","male","1998-3-27","Canberra",NA,NA,"Australia",NA,"winger, fullback",NA,NA,"89","188","296795","mackenzie-hansen","11gfht672s","41847","5584"
"454","Q4756664","Andrew Conway","Andrew","Conway","male","1991-7-11","Dublin",NA,NA,"Ireland",NA,"winger",NA,NA,"90","180","111706","andrew-conway",NA,"18835","9895"
"455","Q7321837","Rhys Ruddock","Rhys","Ruddock","male","1990-11-13","Dublin",NA,NA,"Ireland, United Kingdom",NA,"flanker",NA,NA,"113","191","106762","rhys-ruddock",NA,"16219","9915"
"456","Q5498745","Frederick Smithwick","Frederick","Smithwick","male","1879-3-18","Kildare","1962-10-4",NA,"Ireland",NA,"centre",NA,NA,NA,NA,"1286",NA,NA,NA,NA
"457","Q3059558","Eugene Davy","Eugene","Davy","male","1904-7-26","Dublin","1996-11-11","Ireland","Ireland",NA,"fly-half",NA,NA,NA,NA,"3237",NA,NA,NA,NA
"458","Q6831726","Michael Joseph Bulger","Michael","Bulger","male","1867-5-15","Kilrush","1938-7-20",NA,"Ireland",NA,NA,NA,NA,NA,NA,"832",NA,NA,NA,NA
"459","Q47545723","George Norton","George","Norton","male","1920-4-1","Dublin","1999-10-7","Dublin",NA,NA,NA,NA,NA,NA,NA,"5152",NA,"11gfm3tfhh",NA,NA
"460","Q5079596","Charles Jordan","Charles","Jordan","male",NA,NA,NA,NA,NA,NA,NA,NA,NA,NA,NA,NA,NA,NA,NA,NA
"461","Q7143863","Pat O'Hara","Pat","O'Hara","male","1961-1-1",NA,NA,NA,"Ireland",NA,"flanker","1980-01-01",NA,NA,NA,NA,NA,NA,NA,NA
"462","Q26923916","Joey Carbery","Joey","Carbery","male","1995-11-1","Auckland",NA,NA,"Ireland, New Zealand","Ireland","fly-half",NA,NA,"88","183","255103","joey-carbery","11c1q989zw","33966","9894"
"463","Q912889","Brian O'Driscoll","Brian","O'Driscoll","male","1979-1-21","Dublin",NA,NA,"Ireland",NA,"centre","1998-01-01","2014-01-01","95","178","13120","brian-o-driscoll",NA,"613","12709"
"464","Q3294245","Mark Sugden","Mark","Sugden","male","1902-2-11","Leek","1990-1-21","Dartmouth","Ireland",NA,"scrum-half",NA,NA,NA,NA,"3197",NA,NA,NA,NA
"465","Q3382698","Pierce O'Brien-Butler","Pierce",NA,"male","1877-1-12","Ireland","1902-1-15","Wynberg","Ireland",NA,"fullback",NA,NA,NA,NA,"1264",NA,NA,NA,NA
"466","Q3434291","Robbie McGrath","Robbie","McGrath","male","1951-7-18","Dublin",NA,NA,"Ireland",NA,"scrum-half",NA,NA,NA,NA,"8529",NA,"121qm8z6",NA,NA
"467","Q7176180","Peter O'Mahony","Peter","O'Mahony","male","1989-9-17","Cork",NA,NA,"Ireland",NA,"flanker","2010-01-01",NA,"108","191","107693","peter-o-mahony",NA,"18733","8509"
"468","Q3530701","Thomas Crean","Thomas","Crean","male","1873-4-19","Dublin","1923-3-25","Mayfair","Ireland",NA,NA,NA,NA,NA,NA,"1103",NA,NA,NA,NA
"469","Q6397141","Kevin O'Flanagan","Kevin","O'Flanagan","male","1919-6-10","Dublin","2006-5-26","Dublin","Ireland","Ireland","winger",NA,NA,NA,NA,"4812",NA,NA,NA,NA
"470","Q2984060","Colm Callan","Colm","Callan","male","1923-1-6","County Louth","2010-5-30",NA,"Ireland",NA,"lock",NA,NA,NA,NA,"4922",NA,NA,NA,NA
"471","Q747292","Gavin Duffy","Gavin","Duffy","male","1981-9-18","Ballina",NA,NA,"Ireland",NA,"fullback",NA,NA,"92","185","14556","gavin-duffy",NA,"976","12730"
"472","Q3351501","Ollie Campbell","Ollie","Campbell","male","1954-3-5","Dublin",NA,NA,"Ireland",NA,"fly-half",NA,NA,NA,NA,"8468",NA,NA,NA,"19118"
"473","Q7411782","Samuel Irwin","Samuel","Irwin","male","1877-7-3",NA,"1961-6-21",NA,"United Kingdom, United Kingdom of Great Britain and Ireland",NA,NA,NA,NA,NA,NA,"1423",NA,NA,NA,NA
