name,url
Benjamin Duff,https://en.wikipedia.org/wiki/Benjamin_Duff
Mosey van Buuren,https://en.wikipedia.org/wiki/Mosey_van_Buuren
Chubb Vigne,https://en.wikipedia.org/wiki/Chubb_Vigne
Harry Boyes,https://en.wikipedia.org/wiki/Harry_Boyes_(rugby_union)
Frank Guthrie,https://en.wikipedia.org/wiki/Frank_Guthrie_(rugby_union)
Alf Richards,https://en.wikipedia.org/wiki/Alfred_Richards_(sportsman)
Oupa Versfeld,https://en.wikipedia.org/wiki/Oupa_Versfeld
Bill Bisset,https://en.wikipedia.org/wiki/Bill_Bisset
H. H. Castens,https://en.wikipedia.org/wiki/Herbert_Hayton_Castens
Tiger Devenish,https://en.wikipedia.org/wiki/Tiger_Devenish
Japie Louw,https://en.wikipedia.org/wiki/Japie_Louw
Edward Little,https://en.wikipedia.org/wiki/Edward_Little_(rugby_union)
Fred Alexander,https://en.wikipedia.org/wiki/Fred_Alexander_(rugby_union)
George Merry,https://en.wikipedia.org/wiki/George_Merry_(rugby_union)
Frank Hamilton,https://en.wikipedia.org/wiki/Frank_Hamilton_(rugby_union)
Arthur de Kock,https://en.wikipedia.org/wiki/Arthur_de_Kock
Jackie Powell,https://en.wikipedia.org/wiki/Jackie_Powell
Bob Snedden,https://en.wikipedia.org/wiki/Bob_Snedden
Bob Shand,https://en.wikipedia.org/wiki/Bob_Shand
Wilfred Trenery,https://en.wikipedia.org/wiki/Wilfred_Trenery
Dan Smith,https://en.wikipedia.org/wiki/Dan_Smith_(rugby_union)
Fairy Heatlie,https://en.wikipedia.org/wiki/Fairy_Heatlie
Toski Smith,https://en.wikipedia.org/wiki/Toski_Smith
Jack Hartley,https://en.wikipedia.org/wiki/Jack_Hartley
Hasie Versfeld,https://en.wikipedia.org/wiki/Hasie_Versfeld
Charlie van Renen,https://en.wikipedia.org/wiki/Charlie_van_Renen
Jim McKendrick,"https://en.wikipedia.org/wiki/Jim_McKendrick_(rugby_union,_born_1870)"
Charlie Chignell,https://en.wikipedia.org/wiki/Charlie_Chignell
Dykie Lyons,https://en.wikipedia.org/wiki/Dykie_Lyons
Percy Twentyman-Jones,https://en.wikipedia.org/wiki/Percy_Twentyman-Jones
Biddy Anderson,https://en.wikipedia.org/wiki/Biddy_Anderson
Ferdie Aston,https://en.wikipedia.org/wiki/Ferdie_Aston
Ernest Olver,https://en.wikipedia.org/wiki/Ernest_Olver
Francis Myburg,https://en.wikipedia.org/wiki/Francis_Myburg
Scraps Wessels,https://en.wikipedia.org/wiki/Scraps_Wessels
Paul Scott,https://en.wikipedia.org/wiki/Paul_Scott_(rugby_union)
Henry Gorton,https://en.wikipedia.org/wiki/Henry_Gorton
PJ Meyer,https://en.wikipedia.org/wiki/PJ_Meyer
Mike Bredenkamp,https://en.wikipedia.org/wiki/Mike_Bredenkamp
Frank Douglass,https://en.wikipedia.org/wiki/Frank_Douglass
Davey Cope,https://en.wikipedia.org/wiki/Davey_Cope
Spanner Forbes,https://en.wikipedia.org/wiki/Spanner_Forbes
Bill Taberer,https://en.wikipedia.org/wiki/Bill_Taberer
Theo Samuels,https://en.wikipedia.org/wiki/Theo_Samuels
Long George Devenish,https://en.wikipedia.org/wiki/Long_George_Devenish
Alf Larard,https://en.wikipedia.org/wiki/Alf_Larard
John 'Ben' Andrew[38],"https://en.wikipedia.org/wiki/John_Andrew_(rugby_union,_born_1870)"
Tom Mellett,https://en.wikipedia.org/wiki/Tom_Mellett
Allan Beswick,https://en.wikipedia.org/wiki/Allan_Beswick_(rugby_union)
Charlie Devenish,https://en.wikipedia.org/wiki/Charlie_Devenish
Jim Crosby,https://en.wikipedia.org/wiki/Jim_Crosby
Bertie Powell,https://en.wikipedia.org/wiki/Albert_Powell_(South_African_sportsman)
Bill Cotty,https://en.wikipedia.org/wiki/Bill_Cotty
Pieter Dormehl,https://en.wikipedia.org/wiki/Pieter_Dormehl
Ted Kelly,https://en.wikipedia.org/wiki/Ted_Kelly
Danie Theunissen,https://en.wikipedia.org/wiki/Danie_Theunissen
Tommy Hepburn,https://en.wikipedia.org/wiki/Tommy_Hepburn
Tommy Etlinger,https://en.wikipedia.org/wiki/Tommy_Etlinger
Broekie van Broekhuizen,https://en.wikipedia.org/wiki/Broekie_van_Broekhuizen
Paul de Waal,https://en.wikipedia.org/wiki/Paul_de_Waal
Patats Cloete,https://en.wikipedia.org/wiki/Patats_Cloete
Charlie Jones,"https://en.wikipedia.org/wiki/Charlie_Jones_(rugby_union,_born_1880)"
Joe Barry,https://en.wikipedia.org/wiki/Joe_Barry_(rugby_union)
Japie Krige,https://en.wikipedia.org/wiki/Japie_Krige
Bertie van Renen,https://en.wikipedia.org/wiki/Bertie_van_Renen
Andrew Morkel,https://en.wikipedia.org/wiki/Andrew_Morkel
Uncle Dobbin,https://en.wikipedia.org/wiki/Uncle_Dobbin
Alex Frew,https://en.wikipedia.org/wiki/Alex_Frew
Bill McEwan,https://en.wikipedia.org/wiki/Bill_McEwan_(rugby_union)
Jimmy Sinclair,https://en.wikipedia.org/wiki/Jimmy_Sinclair
Klondyke Raaff,https://en.wikipedia.org/wiki/Klondyke_Raaff
PO Nel,https://en.wikipedia.org/wiki/PO_Nel
Birdie Partridge,https://en.wikipedia.org/wiki/Joseph_Edward_Crawshay_Partridge
Charlie Brown,"https://en.wikipedia.org/wiki/Charlie_Brown_(rugby_union,_born_1878)"
Syd de Melker,https://en.wikipedia.org/wiki/Syd_de_Melker
Syd Ashley,https://en.wikipedia.org/wiki/Syd_Ashley
Bertie Gibbs,https://en.wikipedia.org/wiki/Bertie_Gibbs
Clem Currie,https://en.wikipedia.org/wiki/Clem_Currie
Henry Metcalf,https://en.wikipedia.org/wiki/Henry_Metcalf_(rugby_union)
Jack Jackson,https://en.wikipedia.org/wiki/Jack_Jackson_(rugby_union)
George Crampton,https://en.wikipedia.org/wiki/George_Crampton
Rajah Martheze,https://en.wikipedia.org/wiki/Rajah_Martheze
Paddy Carolin,https://en.wikipedia.org/wiki/Paddy_Carolin
Hugh Ferris,https://en.wikipedia.org/wiki/Hugh_Ferris_(rugby_union)
Bob Loubser,https://en.wikipedia.org/wiki/Bob_Loubser
Tommy Hobson,https://en.wikipedia.org/wiki/Tommy_Hobson
Alec Reid,https://en.wikipedia.org/wiki/Alec_Reid_(rugby_union)
Paul Roos,https://en.wikipedia.org/wiki/Paul_Roos_(rugby_union)
Joe Anderson,https://en.wikipedia.org/w/index.php?title=Joe_Anderson_(rugby_union)&action=edit&redlink=1
John Botha,https://en.wikipedia.org/wiki/John_Botha
Arthur Burmeister,https://en.wikipedia.org/w/index.php?title=Arthur_Burmeister&action=edit&redlink=1
Arthur Marsberg,https://en.wikipedia.org/w/index.php?title=Arthur_Marsberg&action=edit&redlink=1
Anton Stegmann,https://en.wikipedia.org/wiki/Anton_Stegmann
Japie le Roux,https://en.wikipedia.org/w/index.php?title=Japie_le_Roux&action=edit&redlink=1
Boy de Villiers,https://en.wikipedia.org/wiki/Boy_de_Villiers
John Hirsch,https://en.wikipedia.org/wiki/John_Hirsch_(sportsman)
Mary Jackson,https://en.wikipedia.org/wiki/Dirk_Jackson
Dietlof Maré,https://en.wikipedia.org/wiki/Dietlof_Mar%C3%A9
Bingo Burger,https://en.wikipedia.org/w/index.php?title=Bingo_Burger&action=edit&redlink=1
Cocky Brooks,https://en.wikipedia.org/w/index.php?title=Cocky_Brooks&action=edit&redlink=1
William Neill,https://en.wikipedia.org/w/index.php?title=William_Neill_(rugby_union)&action=edit&redlink=1
Pinkie Daneel,https://en.wikipedia.org/w/index.php?title=Pinkie_Daneel&action=edit&redlink=1
Pietie le Roux,https://en.wikipedia.org/w/index.php?title=Pietie_le_Roux&action=edit&redlink=1
Koei Brink,https://en.wikipedia.org/w/index.php?title=Koei_Brink&action=edit&redlink=1
Sommie Morkel,https://en.wikipedia.org/w/index.php?title=Sommie_Morkel&action=edit&redlink=1
Dougie Morkel,https://en.wikipedia.org/wiki/Dougie_Morkel
Bert Reid,https://en.wikipedia.org/w/index.php?title=Bert_Reid_(rugby_union)&action=edit&redlink=1
Adam Burdett,https://en.wikipedia.org/wiki/Adam_Burdett
Billy Millar,https://en.wikipedia.org/wiki/Billy_Millar_(rugby_union)
Stevie Joubert,https://en.wikipedia.org/wiki/Stevie_Joubert
Archie Marsberg,https://en.wikipedia.org/w/index.php?title=Archie_Marsberg&action=edit&redlink=1
Dirkie de Villiers,https://en.wikipedia.org/wiki/Dirkie_de_Villiers
Cocky Hahn,https://en.wikipedia.org/wiki/Cocky_Hahn
Lammetjie Luyt,https://en.wikipedia.org/wiki/Frederick_Luyt
Henry Walker,"https://en.wikipedia.org/w/index.php?title=Henry_Walker_(rugby_union,_born_1884)&action=edit&redlink=1"
Nic Crosby,https://en.wikipedia.org/w/index.php?title=Nic_Crosby&action=edit&redlink=1
Cliff Riordan,https://en.wikipedia.org/w/index.php?title=Cliff_Riordan&action=edit&redlink=1
Noel Howe-Browne,https://en.wikipedia.org/wiki/Noel_Howe-Browne
Max Davison,https://en.wikipedia.org/w/index.php?title=Max_Davison_(rugby_union)&action=edit&redlink=1
Arthur Williams,https://en.wikipedia.org/w/index.php?title=Arthur_Williams_(rugby_union)&action=edit&redlink=1
Percy Allport,https://en.wikipedia.org/w/index.php?title=Percy_Allport&action=edit&redlink=1
Dick Luyt,https://en.wikipedia.org/wiki/Dick_Luyt
Wally Mills,https://en.wikipedia.org/w/index.php?title=Wally_Mills&action=edit&redlink=1
Clive van Ryneveld,https://en.wikipedia.org/w/index.php?title=Clive_van_Ryneveld_(South_Africa_rugby_union)&action=edit&redlink=1
Toby Moll,https://en.wikipedia.org/wiki/Toby_Moll
Gideon Roos,https://en.wikipedia.org/w/index.php?title=Gideon_Roos&action=edit&redlink=1
Antonie Lombard,https://en.wikipedia.org/w/index.php?title=Antonie_Lombard&action=edit&redlink=1
Boy Morkel,https://en.wikipedia.org/wiki/Boy_Morkel
Koot Reynecke,https://en.wikipedia.org/w/index.php?title=Koot_Reynecke&action=edit&redlink=1
Gerhard Morkel,https://en.wikipedia.org/wiki/Gerhard_Morkel
Cooper Meintjes,https://en.wikipedia.org/w/index.php?title=Cooper_Meintjes&action=edit&redlink=1
Jan Stegmann,https://en.wikipedia.org/wiki/Jan_Stegmann
Apie van der Hoff,https://en.wikipedia.org/w/index.php?title=Apie_van_der_Hoff&action=edit&redlink=1
Boetie McHardy,https://en.wikipedia.org/wiki/Boetie_McHardy
Bai Wrentmore,https://en.wikipedia.org/wiki/Godfrey_Wrentmore
Wakkie Krige,https://en.wikipedia.org/w/index.php?title=Wakkie_Krige&action=edit&redlink=1
Jacky Morkel,https://en.wikipedia.org/wiki/Jacky_Morkel
John McCulloch,https://en.wikipedia.org/w/index.php?title=John_McCulloch_(rugby_union)&action=edit&redlink=1
Jack Immelman,https://en.wikipedia.org/w/index.php?title=Jack_Immelman&action=edit&redlink=1
Baby Shum,https://en.wikipedia.org/w/index.php?title=Baby_Shum&action=edit&redlink=1
Tom van Vuuren,https://en.wikipedia.org/wiki/Tom_van_Vuuren
Tommy Thompson,https://en.wikipedia.org/wiki/Tommy_Thompson_(rugby_union)
Saturday Knight,https://en.wikipedia.org/wiki/Saturday_Knight
Fanie Cronjé,https://en.wikipedia.org/w/index.php?title=Fanie_Cronj%C3%A9&action=edit&redlink=1
Ned Delaney,https://en.wikipedia.org/w/index.php?title=Ned_Delaney&action=edit&redlink=1
Sep Ledger,https://en.wikipedia.org/wiki/Sep_Ledger
Louis Louw,https://en.wikipedia.org/w/index.php?title=Louis_Louw&action=edit&redlink=1
Joe Francis,https://en.wikipedia.org/wiki/Joe_Francis_(rugby_union)
Jack Braine,https://en.wikipedia.org/w/index.php?title=Jack_Braine&action=edit&redlink=1
John Luyt,https://en.wikipedia.org/w/index.php?title=John_Luyt&action=edit&redlink=1
IB de Villiers,https://en.wikipedia.org/wiki/IB_de_Villiers
Attie van Heerden,https://en.wikipedia.org/wiki/Attie_van_Heerden
Bill Zeller,https://en.wikipedia.org/wiki/Bill_Zeller_(rugby_union)
Jackie Weepner,https://en.wikipedia.org/w/index.php?title=Jackie_Weepner&action=edit&redlink=1
Henry Morkel,https://en.wikipedia.org/wiki/Henry_Morkel
Billy Sendin,https://en.wikipedia.org/wiki/Billy_Sendin
Wally Clarkson,https://en.wikipedia.org/wiki/Wally_Clarkson
Sarel Strauss,https://en.wikipedia.org/wiki/Sarel_Strauss
Charlie Meyer,https://en.wikipedia.org/wiki/Charlie_Meyer
Sas de Kock,https://en.wikipedia.org/wiki/Sas_de_Kock
Jackie Tindall,https://en.wikipedia.org/wiki/Jackie_Tindall
Mannetjies Michau,https://en.wikipedia.org/wiki/Mannetjies_Michau
Taffy Townsend,https://en.wikipedia.org/wiki/Taffy_Townsend
Theo Pienaar,https://en.wikipedia.org/wiki/Theo_Pienaar
Mervyn Ellis,https://en.wikipedia.org/wiki/Mervyn_Ellis
Nick du Plessis,https://en.wikipedia.org/wiki/Nick_du_Plessis
Tank van Rooyen,https://en.wikipedia.org/wiki/Tank_van_Rooyen
Baby Michau,https://en.wikipedia.org/wiki/Baby_Michau
Theuns Kruger,https://en.wikipedia.org/wiki/Theuns_Kruger
Alf Walker,https://en.wikipedia.org/wiki/Alf_Walker_(rugby_union)
Royal Morkel,https://en.wikipedia.org/wiki/Royal_Morkel
Frank Mellish,https://en.wikipedia.org/wiki/Frank_Mellish
Harry Morkel,https://en.wikipedia.org/wiki/Harry_Morkel
Fien Olivier,https://en.wikipedia.org/w/index.php?title=Fien_Olivier&action=edit&redlink=1
Jack Siedle,https://en.wikipedia.org/w/index.php?title=Jack_Siedle_(rugby_union)&action=edit&redlink=1
Phil Mostert,https://en.wikipedia.org/wiki/Phil_Mostert
Tokkie Scholtz,https://en.wikipedia.org/wiki/Tokkie_Scholtz
Hans Aucamp,https://en.wikipedia.org/w/index.php?title=Hans_Aucamp&action=edit&redlink=1
Pieter Kuyper Albertyn,https://en.wikipedia.org/wiki/Pieter_Kuyper_Albertyn
Kenny Starke,https://en.wikipedia.org/wiki/Kenny_Starke
Bennie Osler,https://en.wikipedia.org/wiki/Bennie_Osler
Champion Myburgh,https://en.wikipedia.org/w/index.php?title=Champion_Myburgh&action=edit&redlink=1
Cecil (Bill) Payn,https://en.wikipedia.org/wiki/Bill_Payn
Jack van Druten,https://en.wikipedia.org/wiki/Jack_van_Druten
Nico Bosman,https://en.wikipedia.org/w/index.php?title=Nico_Bosman&action=edit&redlink=1
Jack Bester,https://en.wikipedia.org/w/index.php?title=Jack_Bester&action=edit&redlink=1
Pally Truter,https://en.wikipedia.org/w/index.php?title=Pally_Truter&action=edit&redlink=1
Jack Slater,https://en.wikipedia.org/wiki/Jack_Slater_(rugby_union)
Dauncey Devine,https://en.wikipedia.org/w/index.php?title=Dauncey_Devine&action=edit&redlink=1
Bertram Vanderplank,https://en.wikipedia.org/w/index.php?title=Bertram_Vanderplank&action=edit&redlink=1
Paul la Grange,https://en.wikipedia.org/w/index.php?title=Paul_la_Grange&action=edit&redlink=1
Boet Prinsloo,https://en.wikipedia.org/w/index.php?title=Boet_Prinsloo&action=edit&redlink=1
Stanley Osler,https://en.wikipedia.org/wiki/Stanley_Osler
Bernie Duffy,https://en.wikipedia.org/w/index.php?title=Bernie_Duffy_(rugby_union)&action=edit&redlink=1
Pierre de Villiers,https://en.wikipedia.org/wiki/Pierre_de_Villiers_(rugby_union)
SP van Wyk,https://en.wikipedia.org/w/index.php?title=SP_van_Wyk&action=edit&redlink=1
George Daneel,https://en.wikipedia.org/wiki/George_Daneel
Nick Pretorius,https://en.wikipedia.org/w/index.php?title=Nick_Pretorius&action=edit&redlink=1
Phil Nel,https://en.wikipedia.org/wiki/Philip_J._Nel
Hennie Potgieter,https://en.wikipedia.org/w/index.php?title=Hennie_Potgieter&action=edit&redlink=1
Jacko Tod,https://en.wikipedia.org/w/index.php?title=Jacko_Tod&action=edit&redlink=1
John Dobie,https://en.wikipedia.org/w/index.php?title=John_Dobie_(rugby_union)&action=edit&redlink=1
JC van der Westhuizen,https://en.wikipedia.org/wiki/JC_van_der_Westhuizen
Gerry Brand,https://en.wikipedia.org/wiki/Gerry_Brand
Manus de Jongh,https://en.wikipedia.org/w/index.php?title=Manus_de_Jongh&action=edit&redlink=1
Willie Rousseau,https://en.wikipedia.org/wiki/Willie_Rousseau
Boy Louw,https://en.wikipedia.org/wiki/Boy_Louw
Andries du Toit,https://en.wikipedia.org/w/index.php?title=Andries_du_Toit&action=edit&redlink=1
John Oliver,https://en.wikipedia.org/w/index.php?title=John_Oliver_(rugby_union)&action=edit&redlink=1
Jock van Niekerk,https://en.wikipedia.org/wiki/Jock_van_Niekerk
Pieter Morkel,https://en.wikipedia.org/w/index.php?title=Pieter_Morkel&action=edit&redlink=1
Morris Zimerman,https://en.wikipedia.org/wiki/Morris_Zimerman
Ponie van der Westhuizen,https://en.wikipedia.org/w/index.php?title=Ponie_van_der_Westhuizen&action=edit&redlink=1
Floors Venter,https://en.wikipedia.org/wiki/Floors_Venter
Geoff Gray,https://en.wikipedia.org/wiki/Geoff_Gray_(rugby_union)
Frankie Waring,https://en.wikipedia.org/wiki/Frankie_Waring
Jimmy White,https://en.wikipedia.org/wiki/Jimmy_White_(rugby_union)
Tiny Francis,https://en.wikipedia.org/wiki/Tiny_Francis
Danie Craven,https://en.wikipedia.org/wiki/Danie_Craven
Schalk du Toit,https://en.wikipedia.org/w/index.php?title=Schalk_du_Toit&action=edit&redlink=1
Alvi van der Merwe,https://en.wikipedia.org/wiki/Alvi_van_der_Merwe
Fanie Louw,https://en.wikipedia.org/wiki/Fanie_Louw
André McDonald,https://en.wikipedia.org/w/index.php?title=Andr%C3%A9_McDonald&action=edit&redlink=1
Lukas Strachan,https://en.wikipedia.org/wiki/Lukas_Strachan
Nick Bierman,https://en.wikipedia.org/wiki/Nick_Bierman
Bert Kipling,https://en.wikipedia.org/wiki/Bert_Kipling
Manie Geere,https://en.wikipedia.org/wiki/Manie_Geere
Ferdie Bergh,https://en.wikipedia.org/wiki/Ferdie_Bergh
Skaap Forrest,https://en.wikipedia.org/w/index.php?title=Skaap_Forrest&action=edit&redlink=1
Jack Dold,https://en.wikipedia.org/wiki/John_Dold
Dai Williams,https://en.wikipedia.org/wiki/Dai_Williams_(rugby_union)
Freddy Turner,https://en.wikipedia.org/wiki/Freddy_Turner
Jack Gage,https://en.wikipedia.org/wiki/Jack_Gage_(rugby_union)
Fronie Froneman,https://en.wikipedia.org/w/index.php?title=Fronie_Froneman&action=edit&redlink=1
George D'Alton,https://en.wikipedia.org/w/index.php?title=George_D%27Alton&action=edit&redlink=1
Pat Lyster,https://en.wikipedia.org/wiki/Pat_Lyster
Paul Visser,https://en.wikipedia.org/w/index.php?title=Paul_Visser_(rugby_union)&action=edit&redlink=1
Joe Nijkamp,https://en.wikipedia.org/w/index.php?title=Joe_Nijkamp&action=edit&redlink=1
Lappies Hattingh,https://en.wikipedia.org/w/index.php?title=Lappies_Hattingh&action=edit&redlink=1
Ginger Clark,https://en.wikipedia.org/w/index.php?title=Ginger_Clark_(rugby_union)&action=edit&redlink=1
Fred Smollan,https://en.wikipedia.org/wiki/Fred_Smollan
Bunny Reid,https://en.wikipedia.org/wiki/Bunny_Reid
John Apsey,https://en.wikipedia.org/w/index.php?title=John_Apsey&action=edit&redlink=1
Tallie Broodryk,https://en.wikipedia.org/wiki/Tallie_Broodryk
Dendy Lawton,https://en.wikipedia.org/wiki/Dendy_Lawton
Louis Babrow,https://en.wikipedia.org/wiki/Louis_Babrow
Johnny Bester,https://en.wikipedia.org/wiki/Johnny_Bester
Koffie Hofmeyr,https://en.wikipedia.org/w/index.php?title=Koffie_Hofmeyr&action=edit&redlink=1
Flappie Lochner,https://en.wikipedia.org/wiki/Flappie_Lochner
Daantjie van de Vyver,https://en.wikipedia.org/wiki/Daantjie_van_de_Vyver
Tony Harris,https://en.wikipedia.org/wiki/Tony_Harris_(sportsman)
Ebbo Bastard,https://en.wikipedia.org/wiki/Ebbo_Bastard
Ben du Toit,https://en.wikipedia.org/wiki/Ben_du_Toit
CB Jennings,https://en.wikipedia.org/wiki/CB_Jennings
Jan Lotz,https://en.wikipedia.org/wiki/Jan_Lotz
Kalfie Martin,https://en.wikipedia.org/wiki/Kalfie_Martin
Roger Sherriff,https://en.wikipedia.org/w/index.php?title=Roger_Sherriff&action=edit&redlink=1
Mauritz van den Berg,https://en.wikipedia.org/wiki/Mauritz_van_den_Berg
George van Reenen,https://en.wikipedia.org/wiki/George_van_Reenen
Howard Watt,https://en.wikipedia.org/wiki/Howard_Watt
Piet de Wet,https://en.wikipedia.org/w/index.php?title=Piet_de_Wet_(rugby_union)&action=edit&redlink=1
George Smith,https://en.wikipedia.org/w/index.php?title=George_Smith_(South_African_rugby_union)&action=edit&redlink=1
Jack van der Schyff,https://en.wikipedia.org/wiki/Jack_van_der_Schyff
Buks Marais,https://en.wikipedia.org/wiki/Buks_Marais
Floors Duvenhage,https://en.wikipedia.org/wiki/Floors_Duvenhage
Tjol Lategan,https://en.wikipedia.org/wiki/Tjol_Lategan
Cecil Moss,https://en.wikipedia.org/wiki/Cecil_Moss
Hannes Brewis,https://en.wikipedia.org/wiki/Hannes_Brewis
Ballie Wahl,https://en.wikipedia.org/wiki/Ballie_Wahl
Okey Geffin,https://en.wikipedia.org/wiki/Okey_Geffin
Jorrie Jordaan,https://en.wikipedia.org/wiki/Jorrie_Jordaan
Hoppie van Jaarsveld,https://en.wikipedia.org/wiki/Hoppie_van_Jaarsveld
Fiks van der Merwe,https://en.wikipedia.org/wiki/Fiks_van_der_Merwe
Bubbles Koch,https://en.wikipedia.org/wiki/Bubbles_Koch
Felix du Plessis,https://en.wikipedia.org/wiki/Felix_du_Plessis
Ou-Boet Strydom,https://en.wikipedia.org/wiki/Ou-Boet_Strydom
Hennie Muller,https://en.wikipedia.org/wiki/Hennie_Muller
Ryk van Schoor,https://en.wikipedia.org/wiki/Ryk_van_Schoor
Fonnie du Toit,https://en.wikipedia.org/wiki/Fonnie_du_Toit
Chris Koch,https://en.wikipedia.org/wiki/Chris_Koch_(rugby_union)
Salty du Rand,https://en.wikipedia.org/wiki/Salty_du_Rand
Flip Geel,https://en.wikipedia.org/wiki/Flip_Geel
Carrots Geraghty,https://en.wikipedia.org/wiki/Carrots_Geraghty
Piet Malan,https://en.wikipedia.org/wiki/Piet_Malan
Willem Barnard,https://en.wikipedia.org/wiki/Willem_Barnard
Basil Kenyon,https://en.wikipedia.org/wiki/Basil_Kenyon
Johnny Buchler,https://en.wikipedia.org/wiki/Johnny_Buchler
Jakkals Keevy,https://en.wikipedia.org/wiki/Jakkals_Keevy
Chum Ochse,https://en.wikipedia.org/wiki/Chum_Ochse
Cowboy Saunders,https://en.wikipedia.org/wiki/Cowboy_Saunders
Paul Johnstone,https://en.wikipedia.org/wiki/Paul_Johnstone
Des Sinclair,https://en.wikipedia.org/wiki/Des_Sinclair
Basie Vivier,https://en.wikipedia.org/wiki/Basie_Vivier
Dennis Fry,https://en.wikipedia.org/w/index.php?title=Dennis_Fry_(rugby_union)&action=edit&redlink=1
Hansie Oelofse,https://en.wikipedia.org/wiki/Hansie_Oelofse
Piet Wessels,https://en.wikipedia.org/w/index.php?title=Piet_Wessels&action=edit&redlink=1
Willem Delport,https://en.wikipedia.org/wiki/Willem_Delport
Jaap Bekker,https://en.wikipedia.org/wiki/Jaap_Bekker
Franz van der Ryst,https://en.wikipedia.org/w/index.php?title=Franz_van_der_Ryst&action=edit&redlink=1
Ernst Dinkelmann,https://en.wikipedia.org/wiki/Ernst_Dinkelmann
Jan Pickard,https://en.wikipedia.org/wiki/Jan_Pickard
Gert Dannhauser,https://en.wikipedia.org/w/index.php?title=Gert_Dannhauser&action=edit&redlink=1
Stephen Fry,https://en.wikipedia.org/wiki/Stephen_Fry_(rugby_union)
Basie van Wyk,https://en.wikipedia.org/wiki/Basie_van_Wyk
Ben Myburgh,https://en.wikipedia.org/w/index.php?title=Ben_Myburgh&action=edit&redlink=1
Ian Kirkpatrick,"https://en.wikipedia.org/wiki/Ian_Kirkpatrick_(rugby_union,_born_1930)"
Steve Hoffman,https://en.wikipedia.org/wiki/Steve_Hoffman_(rugby_union)
Dolf Bekker,https://en.wikipedia.org/wiki/Dolf_Bekker
Daantjie Rossouw,https://en.wikipedia.org/wiki/Daantjie_Rossouw
Natie Rens,https://en.wikipedia.org/wiki/Natie_Rens
Harry Walker,"https://en.wikipedia.org/wiki/Harry_Walker_(rugby_union,_born_1928)"
Sias Swart,https://en.wikipedia.org/wiki/Sias_Swart
Theuns Briers,https://en.wikipedia.org/wiki/Theuns_Briers
Tom van Vollenhoven,https://en.wikipedia.org/wiki/Tom_van_Vollenhoven
Clive Ulyate,https://en.wikipedia.org/wiki/Clive_Ulyate
Tommy Gentles,https://en.wikipedia.org/wiki/Tommy_Gentles
Amos du Plooy,https://en.wikipedia.org/wiki/Amos_du_Plooy
Colin Kroon,https://en.wikipedia.org/wiki/Colin_Kroon
Johan Claassen,https://en.wikipedia.org/wiki/Johan_Claassen
Daan Retief,https://en.wikipedia.org/wiki/Daan_Retief
Roy Dryburgh,https://en.wikipedia.org/wiki/Roy_Dryburgh
Wilf Rosenberg,https://en.wikipedia.org/wiki/Wilf_Rosenberg
Bertus van der Merwe,https://en.wikipedia.org/wiki/Bertus_van_der_Merwe
Dawie Ackermann,https://en.wikipedia.org/wiki/Dawie_Ackermann
Popeye Strydom,https://en.wikipedia.org/wiki/Coenraad_Frederik_Strydom
Butch Lochner,https://en.wikipedia.org/wiki/Butch_Lochner
Jan du Preez,https://en.wikipedia.org/wiki/Jan_du_Preez
Pat Montini,https://en.wikipedia.org/wiki/Pat_Montini
Jeremy Nel,https://en.wikipedia.org/wiki/Jeremy_Nel
Peewee Howe,https://en.wikipedia.org/wiki/Bennett_Howe
Brian Pfaff,https://en.wikipedia.org/wiki/Brian_Pfaff
Piet du Toit,https://en.wikipedia.org/wiki/Piet_du_Toit
Melt Hanekom,https://en.wikipedia.org/wiki/Melt_Hanekom
Chris de Nysschen,https://en.wikipedia.org/wiki/Chris_de_Nysschen
Chris de Wilzem,https://en.wikipedia.org/wiki/Chris_de_Wilzem
James Starke,https://en.wikipedia.org/wiki/James_Starke
Mickey Gerber,https://en.wikipedia.org/wiki/Mickey_Gerber
Jan Prinsloo,https://en.wikipedia.org/wiki/Jan_Prinsloo
Lofty Fourie,https://en.wikipedia.org/wiki/Lofty_Fourie
Hugo van Zyl,https://en.wikipedia.org/wiki/Hugo_van_Zyl
Martin Pelser,https://en.wikipedia.org/wiki/Martin_Pelser
Johan Steenekamp,https://en.wikipedia.org/wiki/Johan_Steenekamp
Alan Skene,https://en.wikipedia.org/wiki/Alan_Skene
Joe Kaminer,https://en.wikipedia.org/wiki/Joe_Kaminer
Abie Malan,https://en.wikipedia.org/wiki/Abie_Malan
Louis Schmidt,https://en.wikipedia.org/wiki/Louis_Schmidt_(rugby_union)
Jannie Engelbrecht,https://en.wikipedia.org/wiki/Jannie_Engelbrecht
John Gainsford,https://en.wikipedia.org/wiki/John_Gainsford
Robert Twigge,https://en.wikipedia.org/wiki/Robert_Twigge
Dave Stewart,https://en.wikipedia.org/wiki/Dave_Stewart_(rugby_union)
Mannetjies Gericke,https://en.wikipedia.org/wiki/Mannetjies_Gericke
Dougie Holton,https://en.wikipedia.org/w/index.php?title=Dougie_Holton&action=edit&redlink=1
Martiens Bekker,https://en.wikipedia.org/wiki/Martiens_Bekker
Des van Jaarsveldt,https://en.wikipedia.org/wiki/Des_van_Jaarsveldt
Peter Allen,https://en.wikipedia.org/w/index.php?title=Peter_Allen_(rugby_union)&action=edit&redlink=1
Doug Hopwood,https://en.wikipedia.org/wiki/Doug_Hopwood
Hennie van Zyl,https://en.wikipedia.org/wiki/Hennie_van_Zyl
Mike Antelme,https://en.wikipedia.org/wiki/Mike_Antelme
Keith Oxlee,https://en.wikipedia.org/wiki/Keith_Oxlee
Dick Lockyear,https://en.wikipedia.org/wiki/Dick_Lockyear
Avril Malan,https://en.wikipedia.org/wiki/Avril_Malan
Lofty Nel,https://en.wikipedia.org/wiki/Lofty_Nel
Lionel Wilson,https://en.wikipedia.org/wiki/Lionel_Wilson_(rugby_union)
Fanie Kuhn,https://en.wikipedia.org/wiki/Fanie_Kuhn
Stompie van der Merwe,https://en.wikipedia.org/wiki/Stompie_van_der_Merwe
Giepie Wentzel,https://en.wikipedia.org/w/index.php?title=Giepie_Wentzel&action=edit&redlink=1
Mannetjies Roux,https://en.wikipedia.org/wiki/Mannetjies_Roux
Bennie van Niekerk,https://en.wikipedia.org/w/index.php?title=Bennie_van_Niekerk&action=edit&redlink=1
Charlie Nimb,https://en.wikipedia.org/wiki/Charlie_Nimb
Piet Uys,https://en.wikipedia.org/wiki/Piet_Uys_(rugby_union)
Mof Myburgh,https://en.wikipedia.org/wiki/Mof_Myburgh
Ronnie Hill,https://en.wikipedia.org/wiki/Ronnie_Hill
Piet van Zyl,"https://en.wikipedia.org/w/index.php?title=Piet_van_Zyl_(rugby_union,_born_1961)&action=edit&redlink=1"
Hannes Botha,https://en.wikipedia.org/wiki/Hannes_Botha
Frik du Preez,https://en.wikipedia.org/wiki/Frik_du_Preez
Attie Baard,https://en.wikipedia.org/wiki/Attie_Baard
Bobby Johns,https://en.wikipedia.org/wiki/Bobby_Johns_(rugby_union)
Ben-Piet van Zyl,https://en.wikipedia.org/wiki/Ben-Piet_van_Zyl
Colin Greenwood,https://en.wikipedia.org/wiki/Colin_Greenwood_(rugby)
Ormond Taylor,https://en.wikipedia.org/wiki/Ormond_Taylor
Wang Wyness,https://en.wikipedia.org/wiki/Wang_Wyness
Dawie de Villiers,https://en.wikipedia.org/wiki/Dawie_de_Villiers
Chris Bezuidenhout,https://en.wikipedia.org/wiki/Chris_Bezuidenhout
Gert Cilliers,https://en.wikipedia.org/wiki/Gert_Cilliers
Trix Truter,https://en.wikipedia.org/wiki/Trix_Truter
Dick Putter,https://en.wikipedia.org/wiki/Dick_Putter
Tommy Bedford,https://en.wikipedia.org/wiki/Tommy_Bedford
Norman Riley,https://en.wikipedia.org/wiki/Norman_Riley_(rugby_union)
Nelie Smith,https://en.wikipedia.org/wiki/Nelie_Smith
Hannes Marais,https://en.wikipedia.org/wiki/Hannes_Marais
Haas Schoeman,https://en.wikipedia.org/wiki/Haas_Schoeman
Poens Prinsloo,https://en.wikipedia.org/wiki/Poens_Prinsloo
Corra Dirksen,https://en.wikipedia.org/wiki/Corra_Dirksen
Tiny Naudé,https://en.wikipedia.org/wiki/Tiny_Naud%C3%A9
Gawie Carelse,https://en.wikipedia.org/wiki/Gawie_Carelse
Mike Lawless,https://en.wikipedia.org/wiki/Mike_Lawless
Don Walton,https://en.wikipedia.org/wiki/Don_Walton
Wynand Mans,https://en.wikipedia.org/wiki/Wynand_Mans
Jannie Barnard,https://en.wikipedia.org/wiki/Jannie_Barnard
Dirk de Vos,https://en.wikipedia.org/wiki/Dirk_de_Vos_(rugby_union)
Tiny Neethling,https://en.wikipedia.org/wiki/Tiny_Neethling
John Wessels,https://en.wikipedia.org/wiki/John_Wessels_(rugby_union)
Snowy Suter,https://en.wikipedia.org/wiki/Snowy_Suter
Faan Conradie,https://en.wikipedia.org/wiki/Faan_Conradie
Boet Mulder,https://en.wikipedia.org/wiki/Boet_Mulder
Kerneels Cronjé,https://en.wikipedia.org/wiki/Kerneels_Cronj%C3%A9
Gertjie Brynard,https://en.wikipedia.org/wiki/Gertjie_Brynard
Syd Nomis,https://en.wikipedia.org/wiki/Syd_Nomis
Andy MacDonald,https://en.wikipedia.org/wiki/Andy_MacDonald_(rugby_union)
Sakkie van Zyl,https://en.wikipedia.org/wiki/Sakkie_van_Zyl
Hambly Parker,https://en.wikipedia.org/wiki/Hambly_Parker
Piet Botha,https://en.wikipedia.org/wiki/Piet_Botha_(rugby_union)
Piet Goosen,https://en.wikipedia.org/wiki/Piet_Goosen
Andrew Janson,https://en.wikipedia.org/wiki/Andrew_Janson
Jan Ellis,https://en.wikipedia.org/wiki/Jan_Ellis
Louis Slabber,https://en.wikipedia.org/wiki/Louis_Slabber
Eben Olivier,https://en.wikipedia.org/wiki/Eben_Olivier
HO de Villiers,https://en.wikipedia.org/wiki/HO_de_Villiers
Piet Visagie,https://en.wikipedia.org/wiki/Piet_Visagie
Gert Kotzé,https://en.wikipedia.org/wiki/Gert_Kotz%C3%A9
Gys Pitzer,https://en.wikipedia.org/wiki/Gys_Pitzer
Piet Greyling,https://en.wikipedia.org/wiki/Piet_Greyling
Albie de Waal,https://en.wikipedia.org/wiki/Albie_de_Waal
Rodney Gould,https://en.wikipedia.org/wiki/Rodney_Gould_(rugby_union)
Thys Lourens,https://en.wikipedia.org/wiki/Thys_Lourens
Tonie Roux,https://en.wikipedia.org/wiki/Tonie_Roux
Alan Menter,https://en.wikipedia.org/wiki/Alan_Menter
Gert Muller,"https://en.wikipedia.org/wiki/Gert_Muller_(rugby_union,_born_1948)"
André de Wet,https://en.wikipedia.org/wiki/Andr%C3%A9_de_Wet
Paul Durand,https://en.wikipedia.org/wiki/Paul_Durand_(rugby_union)
Renier Grobler,https://en.wikipedia.org/wiki/Renier_Grobler
Andy van der Watt,https://en.wikipedia.org/wiki/Andy_van_der_Watt
Johann van der Merwe,https://en.wikipedia.org/wiki/Johann_van_der_Merwe
Johan van der Schyff,https://en.wikipedia.org/wiki/Johan_van_der_Schyff
Ronnie Potgieter,https://en.wikipedia.org/wiki/Ronnie_Potgieter
Martin Janse van Rensburg,https://en.wikipedia.org/wiki/Martin_Janse_van_Rensburg
Piet van Deventer,https://en.wikipedia.org/wiki/Piet_van_Deventer
Albie Bates,https://en.wikipedia.org/wiki/Albie_Bates
Mike Jennings,https://en.wikipedia.org/wiki/Mike_Jennings_(rugby_union)
Sakkie de Klerk,https://en.wikipedia.org/wiki/Sakkie_de_Klerk
Charlie Cockrell,https://en.wikipedia.org/wiki/Charlie_Cockrell
Robbie Barnard,https://en.wikipedia.org/wiki/Robbie_Barnard
Ian McCallum,https://en.wikipedia.org/wiki/Ian_McCallum_(rugby_union)
Joggie Jansen,https://en.wikipedia.org/wiki/Joggie_Jansen
Piston van Wyk,https://en.wikipedia.org/wiki/Piston_van_Wyk
Johan Spies,https://en.wikipedia.org/wiki/Johan_Spies
Peter Cronjé,https://en.wikipedia.org/wiki/Peter_Cronj%C3%A9
Joggie Viljoen,"https://en.wikipedia.org/wiki/Joggie_Viljoen_(rugby_union,_born_1945)"
Sakkie Sauermann,https://en.wikipedia.org/wiki/Sakkie_Sauermann
John Williams,"https://en.wikipedia.org/wiki/John_Williams_(rugby_union,_born_1946)"
Hannes Viljoen,https://en.wikipedia.org/wiki/Hannes_Viljoen
Peter Swanson,https://en.wikipedia.org/wiki/Peter_Swanson_(rugby)
Dawie Snyman,https://en.wikipedia.org/wiki/Dawie_Snyman
Martiens Louw,https://en.wikipedia.org/wiki/Martiens_Louw
Morné du Plessis,https://en.wikipedia.org/wiki/Morn%C3%A9_du_Plessis
Ray Carlson,https://en.wikipedia.org/wiki/Ray_Carlson
Niek Bezuidenhout,https://en.wikipedia.org/wiki/Niek_Bezuidenhout
Piet du Plessis,https://en.wikipedia.org/wiki/Piet_du_Plessis
Peter Whipp,https://en.wikipedia.org/wiki/Peter_Whipp
Johan Oosthuizen,https://en.wikipedia.org/wiki/Johan_Oosthuizen
Chris Pope,https://en.wikipedia.org/wiki/Chris_Pope_(rugby_union)
Roy McCallum,https://en.wikipedia.org/wiki/Roy_McCallum_(rugby_union)
Boland Coetzee,https://en.wikipedia.org/wiki/Boland_Coetzee
Kevin de Klerk,https://en.wikipedia.org/wiki/Kevin_de_Klerk
Gerrie Germishuys,https://en.wikipedia.org/wiki/Gerrie_Germishuys
Jackie Snyman,https://en.wikipedia.org/wiki/Jackie_Snyman
Gerald Bosch,https://en.wikipedia.org/wiki/Gerald_Bosch
Paul Bayvel,https://en.wikipedia.org/wiki/Paul_Bayvel
Dave Frederickson,https://en.wikipedia.org/wiki/Dave_Frederickson_(rugby_union)
Dugald MacDonald,https://en.wikipedia.org/wiki/Dugald_MacDonald
Leon Vogel,https://en.wikipedia.org/wiki/Leon_Vogel
Jan Schlebusch,https://en.wikipedia.org/wiki/Jan_Schlebusch
Gerrie Sonnekus,https://en.wikipedia.org/wiki/Gerrie_Sonnekus
Moaner van Heerden,https://en.wikipedia.org/wiki/Moaner_van_Heerden
Johan de Bruyn,https://en.wikipedia.org/wiki/Johan_de_Bruyn
Polla Fourie,https://en.wikipedia.org/wiki/Polla_Fourie
Klippies Kritzinger,https://en.wikipedia.org/wiki/Klippies_Kritzinger
Kleintjie Grobler,https://en.wikipedia.org/wiki/Kleintjie_Grobler
Rampie Stander,https://en.wikipedia.org/wiki/Rampie_Stander
Ian Robertson,"https://en.wikipedia.org/wiki/Ian_Robertson_(rugby_union,_born_1950)"
Carel Fourie,https://en.wikipedia.org/wiki/Carel_Fourie
Willem Stapelberg,https://en.wikipedia.org/wiki/Willem_Stapelberg
André van Staden,https://en.wikipedia.org/wiki/Andr%C3%A9_van_Staden
Derek van den Berg,https://en.wikipedia.org/wiki/Derek_van_den_Berg
André Bestbier,https://en.wikipedia.org/wiki/Andr%C3%A9_Bestbier
Robert Cockrell,https://en.wikipedia.org/wiki/Robert_Cockrell
Edrich Krantz,https://en.wikipedia.org/wiki/Edrich_Krantz
De Wet Ras,https://en.wikipedia.org/wiki/De_Wet_Ras
Theuns Stofberg,https://en.wikipedia.org/wiki/Theuns_Stofberg
Johan Strauss,https://en.wikipedia.org/wiki/Johan_Strauss_(rugby_union)
Christo Wagenaar,https://en.wikipedia.org/wiki/Christo_Wagenaar
Dirk Froneman,https://en.wikipedia.org/wiki/Dirk_Froneman
Hermanus Potgieter,https://en.wikipedia.org/wiki/Hermanus_Potgieter
Robbie Blair,https://en.wikipedia.org/wiki/Robbie_Blair
Barry Wolmarans,https://en.wikipedia.org/wiki/Barry_Wolmarans
Daan du Plessis,https://en.wikipedia.org/wiki/Daan_du_Plessis
Piet Veldsman,https://en.wikipedia.org/wiki/Piet_Veldsman
Louis Moolman,https://en.wikipedia.org/wiki/Louis_Moolman
Pierre Edwards,https://en.wikipedia.org/wiki/Pierre_Edwards_(rugby_union)
Willie du Plessis,"https://en.wikipedia.org/wiki/Willie_du_Plessis_(rugby_union,_born_1955)"
Ray Mordt,https://en.wikipedia.org/wiki/Ray_Mordt
Naas Botha,https://en.wikipedia.org/wiki/Naas_Botha
Tommy du Plessis,https://en.wikipedia.org/wiki/Tommy_du_Plessis
Richard Prentis,https://en.wikipedia.org/wiki/Richard_Prentis
Rob Louw,https://en.wikipedia.org/wiki/Rob_Louw
Gysie Pienaar,https://en.wikipedia.org/wiki/Gysie_Pienaar
David Smith,"https://en.wikipedia.org/wiki/David_Smith_(rugby_union,_born_1957)"
Divan Serfontein,https://en.wikipedia.org/wiki/Divan_Serfontein
Willie Kahts,https://en.wikipedia.org/wiki/Willie_Kahts
Martiens le Roux,https://en.wikipedia.org/wiki/Martiens_le_Roux
Thys Burger,https://en.wikipedia.org/wiki/Thys_Burger
Ewoud Malan,https://en.wikipedia.org/wiki/Ewoud_Malan
Tim Cocks,https://en.wikipedia.org/wiki/Tim_Cocks
Danie Gerber,https://en.wikipedia.org/wiki/Danie_Gerber
Errol Tobias,https://en.wikipedia.org/wiki/Errol_Tobias
Hempies du Toit,https://en.wikipedia.org/wiki/Hempies_du_Toit
Div Visser,https://en.wikipedia.org/wiki/Div_Visser
Eben Jansen,https://en.wikipedia.org/wiki/Eben_Jansen
Wynand Claassen,https://en.wikipedia.org/wiki/Wynand_Claassen
Ockie Oosthuizen,https://en.wikipedia.org/wiki/Ockie_Oosthuizen
Johan Heunis,https://en.wikipedia.org/wiki/Johan_Heunis
Darius Botha,https://en.wikipedia.org/wiki/Darius_Botha
Carel du Plessis,https://en.wikipedia.org/wiki/Carel_du_Plessis
Colin Beck,https://en.wikipedia.org/wiki/Colin_Beck_(rugby_union)
Henning van Aswegen,https://en.wikipedia.org/wiki/Henning_van_Aswegen
Flippie van der Merwe,https://en.wikipedia.org/wiki/Flippie_van_der_Merwe
Hennie Bekker,https://en.wikipedia.org/wiki/Hennie_Bekker_(rugby_union)
Burger Geldenhuys,https://en.wikipedia.org/wiki/Burger_Geldenhuys
Johan Marais,https://en.wikipedia.org/wiki/Johan_Marais
Gawie Visagie,https://en.wikipedia.org/wiki/Gawie_Visagie
Shaun Povey,https://en.wikipedia.org/wiki/Shaun_Povey
John Villet,https://en.wikipedia.org/wiki/John_Villet
Avril Williams,https://en.wikipedia.org/wiki/Avril_Williams
Chris Rogers,https://en.wikipedia.org/wiki/Chris_Rogers_(rugby_union)
Schalk Burger,"https://en.wikipedia.org/wiki/Schalk_Burger_(rugby_union,_born_1955)"
Rudi Visagie,https://en.wikipedia.org/wiki/Rudi_Visagie
Michael du Plessis,https://en.wikipedia.org/wiki/Michael_du_Plessis
Anton Barnard,https://en.wikipedia.org/wiki/Anton_Barnard
Attie Strauss,https://en.wikipedia.org/wiki/Attie_Strauss
Kulu Ferreira,https://en.wikipedia.org/wiki/Kulu_Ferreira
Nick Mallett,https://en.wikipedia.org/wiki/Nick_Mallett
Jaco Reinach,https://en.wikipedia.org/wiki/Jaco_Reinach
Christo Ferreira,https://en.wikipedia.org/wiki/Christo_Ferreira
Uli Schmidt,https://en.wikipedia.org/wiki/Uli_Schmidt
Wahl Bartmann,https://en.wikipedia.org/wiki/Wahl_Bartmann
Gert Smal,https://en.wikipedia.org/wiki/Gert_Smal
Jannie Breedt,https://en.wikipedia.org/wiki/Jannie_Breedt
Garth Wright,https://en.wikipedia.org/wiki/Garth_Wright
Frans Erasmus,https://en.wikipedia.org/wiki/Frans_Erasmus_(rugby_union)
Piet Kruger,https://en.wikipedia.org/wiki/Piet_Kruger
Helgard Müller,https://en.wikipedia.org/wiki/Helgard_M%C3%BCller
Kobus Burger,https://en.wikipedia.org/wiki/Kobus_Burger
Faffa Knoetze,https://en.wikipedia.org/wiki/Faffa_Knoetze
Heinrich Rodgers,https://en.wikipedia.org/wiki/Heinrich_Rodgers
Niel Hugo,https://en.wikipedia.org/wiki/Niel_Hugo
Adolf Malan,https://en.wikipedia.org/wiki/Adolf_Malan
André Joubert,https://en.wikipedia.org/wiki/Andr%C3%A9_Joubert
Theo Jansen van Rensburg,https://en.wikipedia.org/wiki/Theo_Jansen_van_Rensburg
Pieter Hendriks,https://en.wikipedia.org/wiki/Pieter_Hendriks
Pieter Muller,https://en.wikipedia.org/wiki/Pieter_Muller
James Small,https://en.wikipedia.org/wiki/James_Small_(rugby_union)
Robert du Preez,"https://en.wikipedia.org/wiki/Robert_du_Preez_(rugby_union,_born_1963)"
Lood Muller,https://en.wikipedia.org/wiki/Lood_Muller
Adri Geldenhuys,https://en.wikipedia.org/wiki/Adri_Geldenhuys
Ian MacDonald,https://en.wikipedia.org/wiki/Ian_MacDonald_(rugby_union)
Johan Styger,https://en.wikipedia.org/wiki/Johan_Styger
Heinrich Füls,https://en.wikipedia.org/wiki/Heinrich_F%C3%BCls
Drikus Hattingh,https://en.wikipedia.org/wiki/Drikus_Hattingh
Hugh Reece-Edwards,https://en.wikipedia.org/wiki/Hugh_Reece-Edwards
Jacques Olivier,https://en.wikipedia.org/wiki/Jacques_Olivier_(rugby_union)
Deon Oosthuysen,https://en.wikipedia.org/wiki/Deon_Oosthuysen
Hennie le Roux,https://en.wikipedia.org/wiki/Hennie_le_Roux
Harry Roberts,"https://en.wikipedia.org/wiki/Harry_Roberts_(rugby_union,_born_1960)"
Keith Andrews,https://en.wikipedia.org/wiki/Keith_Andrews_(rugby_union)
Willie Hills,https://en.wikipedia.org/wiki/Willie_Hills
Steve Atherton,https://en.wikipedia.org/wiki/Steve_Atherton
Piet Pretorius,https://en.wikipedia.org/wiki/Piet_Pretorius_(rugby_union)
Botha Rossouw,https://en.wikipedia.org/wiki/Botha_Rossouw
Tiaan Strauss,https://en.wikipedia.org/wiki/Tiaan_Strauss
Adriaan Richter,https://en.wikipedia.org/wiki/Adriaan_Richter
Andries Truscott,https://en.wikipedia.org/wiki/Andries_Truscott
Phillip Schutte,https://en.wikipedia.org/wiki/Phillip_Schutte
FC Smit,https://en.wikipedia.org/wiki/FC_Smit
Francois Pienaar,https://en.wikipedia.org/wiki/Francois_Pienaar
Kobus Wiese,https://en.wikipedia.org/wiki/Kobus_Wiese
Hannes Strydom,https://en.wikipedia.org/wiki/Hannes_Strydom
Nico Wegner,https://en.wikipedia.org/wiki/Nico_Wegner
Deon Lotter,https://en.wikipedia.org/wiki/Deon_Lotter
Chester Williams,https://en.wikipedia.org/wiki/Chester_Williams
Henry Honiball,https://en.wikipedia.org/wiki/Henry_Honiball
Tinus Linee,https://en.wikipedia.org/wiki/Tinus_Linee
Joel Stransky,https://en.wikipedia.org/wiki/Joel_Stransky
Joost van der Westhuizen,https://en.wikipedia.org/wiki/Joost_van_der_Westhuizen
John Allan,"https://en.wikipedia.org/wiki/John_Allan_(rugby_union,_born_1963)"
Balie Swart,https://en.wikipedia.org/wiki/Balie_Swart
Ruben Kruger,https://en.wikipedia.org/wiki/Ruben_Kruger
Chris Dirks,https://en.wikipedia.org/wiki/Chris_Dirks
Hentie Martens,https://en.wikipedia.org/wiki/Hentie_Martens
Guy Kebble,https://en.wikipedia.org/wiki/Guy_Kebble
Ollie le Roux,https://en.wikipedia.org/wiki/Ollie_le_Roux
Naka Drotské,https://en.wikipedia.org/wiki/Naka_Drotsk%C3%A9
Mark Andrews,https://en.wikipedia.org/wiki/Mark_Andrews_(rugby_union)
Gary Teichmann,https://en.wikipedia.org/wiki/Gary_Teichmann
Gavin Johnson,https://en.wikipedia.org/wiki/Gavin_Johnson_(rugby_union)
Brendan Venter,https://en.wikipedia.org/wiki/Brendan_Venter
Fritz van Heerden,https://en.wikipedia.org/wiki/Fritz_van_Heerden
Johan Roux[39],https://en.wikipedia.org/wiki/Johan_Roux
Johan le Roux[40],https://en.wikipedia.org/wiki/Johan_le_Roux
Cabous van der Westhuizen,https://en.wikipedia.org/wiki/Cabous_van_der_Westhuizen
Chris Badenhorst,https://en.wikipedia.org/wiki/Chris_Badenhorst
Jannie Claassens,https://en.wikipedia.org/wiki/Jannie_Claassens
FA Meiring,https://en.wikipedia.org/wiki/FA_Meiring
Lance Sherrell,https://en.wikipedia.org/wiki/Lance_Sherrell
James Dalton,https://en.wikipedia.org/wiki/James_Dalton_(rugby_union)
Krynauw Otto,https://en.wikipedia.org/wiki/Krynauw_Otto
Rudolf Straeuli,https://en.wikipedia.org/wiki/Rudolf_Straeuli
Japie Mulder,https://en.wikipedia.org/wiki/Japie_Mulder
Christiaan Scholtz,https://en.wikipedia.org/wiki/Christiaan_Scholtz
Os du Randt,https://en.wikipedia.org/wiki/Os_du_Randt
Tommie Laubscher,https://en.wikipedia.org/wiki/Tommie_Laubscher
Elandré van der Bergh,https://en.wikipedia.org/wiki/Elandr%C3%A9_van_der_Bergh
Kevin Putt,https://en.wikipedia.org/wiki/Kevin_Putt
Ian Hattingh,https://en.wikipedia.org/wiki/Ian_Hattingh
Chris Rossouw,"https://en.wikipedia.org/wiki/Chris_Rossouw_(rugby_union,_born_1969)"
Mornay Visser,https://en.wikipedia.org/wiki/Mornay_Visser
Robby Brink,https://en.wikipedia.org/wiki/Robby_Brink
Marius Hurter,https://en.wikipedia.org/wiki/Marius_Hurter
Garry Pagel,https://en.wikipedia.org/wiki/Garry_Pagel
Toks van der Linde,https://en.wikipedia.org/wiki/Toks_van_der_Linde
Justin Swart,https://en.wikipedia.org/wiki/Justin_Swart
Danie van Schalkwyk,https://en.wikipedia.org/wiki/Danie_van_Schalkwyk
Johan Ackermann,https://en.wikipedia.org/wiki/Johan_Ackermann
Dawie Theron,https://en.wikipedia.org/wiki/Dawie_Theron
André Venter,https://en.wikipedia.org/wiki/Andr%C3%A9_Venter
Henry Tromp,https://en.wikipedia.org/wiki/Henry_Tromp
André Snyman,https://en.wikipedia.org/wiki/Andr%C3%A9_Snyman
Vlok Cilliers,https://en.wikipedia.org/wiki/Vlok_Cilliers
Wayne Fyvie,https://en.wikipedia.org/wiki/Wayne_Fyvie
Schutte Bekker,https://en.wikipedia.org/wiki/Schutte_Bekker
Russell Bennett,https://en.wikipedia.org/wiki/Russell_Bennett_(rugby_union)
Joe Gillingham,https://en.wikipedia.org/wiki/Joe_Gillingham
Dick Muir,https://en.wikipedia.org/wiki/Dick_Muir
Franco Smith,https://en.wikipedia.org/wiki/Franco_Smith
Joggie Viljoen,"https://en.wikipedia.org/wiki/Joggie_Viljoen_(rugby_union,_born_1976)"
Adrian Garvey,https://en.wikipedia.org/wiki/Adrian_Garvey
Theo Oosthuizen,https://en.wikipedia.org/wiki/Theo_Oosthuizen
Breyton Paulse,https://en.wikipedia.org/wiki/Breyton_Paulse
Jeremy Thomson,https://en.wikipedia.org/wiki/Jeremy_Thomson
Rassie Erasmus,https://en.wikipedia.org/wiki/Rassie_Erasmus
Edrich Lubbe,https://en.wikipedia.org/wiki/Edrich_Lubbe_(rugby_union)
Percy Montgomery,https://en.wikipedia.org/wiki/Percy_Montgomery
Pieter Rossouw,https://en.wikipedia.org/wiki/Pieter_Rossouw_(rugby_union)
Jannie de Beer,https://en.wikipedia.org/wiki/Jannie_de_Beer
Werner Swanepoel,https://en.wikipedia.org/wiki/Werner_Swanepoel
Warren Brosnihan,https://en.wikipedia.org/wiki/Warren_Brosnihan
Braam Els,https://en.wikipedia.org/wiki/Braam_Els
McNeil Hendricks,https://en.wikipedia.org/wiki/McNeil_Hendricks
Andrew Aitken,https://en.wikipedia.org/wiki/Andrew_Aitken_(rugby_union)
Bobby Skinstad,https://en.wikipedia.org/wiki/Bobby_Skinstad
Philip Smit,https://en.wikipedia.org/wiki/Philip_Smit
Wium Basson,https://en.wikipedia.org/wiki/Wium_Basson
Thinus Delport,https://en.wikipedia.org/wiki/Thinus_Delport
Willie Meyer,https://en.wikipedia.org/wiki/Willie_Meyer
Boeta Wessels,https://en.wikipedia.org/wiki/Boeta_Wessels
Dan van Zyl,https://en.wikipedia.org/wiki/Dan_van_Zyl
Dale Santon,https://en.wikipedia.org/wiki/Dale_Santon
Gaffie du Toit,https://en.wikipedia.org/wiki/Gaffie_du_Toit
Stefan Terblanche,https://en.wikipedia.org/wiki/Stefan_Terblanche
Robbi Kempson,https://en.wikipedia.org/wiki/Robbi_Kempson
Selborne Boome,https://en.wikipedia.org/wiki/Selborne_Boome
Braam van Straaten,https://en.wikipedia.org/wiki/Braam_van_Straaten
Lourens Venter,https://en.wikipedia.org/wiki/Lourens_Venter
Chad Alcock,https://en.wikipedia.org/wiki/Chad_Alcock
Robbie Fleck,https://en.wikipedia.org/wiki/Robbie_Fleck
Deon Kayser,https://en.wikipedia.org/wiki/Deon_Kayser
Corné Krige,https://en.wikipedia.org/wiki/Corn%C3%A9_Krige
Robert Markram,https://en.wikipedia.org/wiki/Robert_Markram
Christian Stewart,https://en.wikipedia.org/wiki/Christian_Stewart
Owen Nkumane,https://en.wikipedia.org/wiki/Owen_Nkumane
Johnny Trytsman,https://en.wikipedia.org/wiki/Johnny_Trytsman
André Vos,https://en.wikipedia.org/wiki/Andr%C3%A9_Vos
Brent Moyle,https://en.wikipedia.org/wiki/Brent_Moyle
Cobus Visagie,https://en.wikipedia.org/wiki/Cobus_Visagie
Albert van den Berg,https://en.wikipedia.org/wiki/Albert_van_den_Berg_(rugby_union)
Charl Marais,https://en.wikipedia.org/wiki/Charl_Marais
Dave von Hoesslin,https://en.wikipedia.org/wiki/Dave_von_Hoesslin
Kaya Malotana,https://en.wikipedia.org/wiki/Kaya_Malotana
Anton Leonard,https://en.wikipedia.org/wiki/Anton_Leonard
Wayne Julies,https://en.wikipedia.org/wiki/Wayne_Julies
De Wet Barry,https://en.wikipedia.org/wiki/De_Wet_Barry
John Smit,https://en.wikipedia.org/wiki/John_Smit
Grant Esterhuizen,https://en.wikipedia.org/wiki/Grant_Esterhuizen
Louis Koen,https://en.wikipedia.org/wiki/Louis_Koen_(rugby_union)
Jannes Labuschagne,https://en.wikipedia.org/wiki/Jannes_Labuschagne
AJ Venter,https://en.wikipedia.org/wiki/AJ_Venter
Jaco van der Westhuyzen,https://en.wikipedia.org/wiki/Jaco_van_der_Westhuyzen
Ricardo Loubscher,https://en.wikipedia.org/wiki/Ricardo_Loubscher
Gavin Passens,https://en.wikipedia.org/wiki/Gavin_Passens
Chris Rossouw,"https://en.wikipedia.org/wiki/Chris_Rossouw_(rugby_union,_born_1976)"
Craig Davidson,https://en.wikipedia.org/wiki/Craig_Davidson_(rugby_union)
Delarey du Preez,https://en.wikipedia.org/wiki/Delarey_du_Preez
Lawrence Sephaka,https://en.wikipedia.org/wiki/Lawrence_Sephaka
Eric van der Merwe,https://en.wikipedia.org/wiki/Eric_van_der_Merwe
Hottie Louw,https://en.wikipedia.org/wiki/Hottie_Louw
Victor Matfield,https://en.wikipedia.org/wiki/Victor_Matfield
Quinton Davids,https://en.wikipedia.org/wiki/Quinton_Davids
Johan Wasserman,https://en.wikipedia.org/wiki/Johan_Wasserman
Thando Manana,https://en.wikipedia.org/wiki/Thando_Manana
Hendrik Gerber,https://en.wikipedia.org/wiki/Hendrik_Gerber
Etienne Fynn,https://en.wikipedia.org/wiki/Etienne_Fynn
Marius Joubert,https://en.wikipedia.org/wiki/Marius_Joubert
Adri Badenhorst,https://en.wikipedia.org/wiki/Adri_Badenhorst
Pieter Dixon,https://en.wikipedia.org/wiki/Pieter_Dixon
Dean Hall,https://en.wikipedia.org/wiki/Dean_Hall_(rugby_union)
Butch James,https://en.wikipedia.org/wiki/Butch_James
Conrad Jantjes,https://en.wikipedia.org/wiki/Conrad_Jantjes
Neil de Kock,https://en.wikipedia.org/wiki/Neil_de_Kock
Lukas van Biljon,https://en.wikipedia.org/wiki/Lukas_van_Biljon
Joe van Niekerk,https://en.wikipedia.org/wiki/Joe_van_Niekerk
Trevor Halstead,https://en.wikipedia.org/wiki/Trevor_Halstead
Adrian Jacobs,https://en.wikipedia.org/wiki/Adrian_Jacobs
Deon de Kock,https://en.wikipedia.org/wiki/Deon_de_Kock
André Pretorius,https://en.wikipedia.org/wiki/Andr%C3%A9_Pretorius
Bolla Conradie,https://en.wikipedia.org/wiki/Bolla_Conradie
Warren Britz,https://en.wikipedia.org/wiki/Warren_Britz
Daan Human,https://en.wikipedia.org/wiki/Daan_Human
Brent Russell,https://en.wikipedia.org/wiki/Brent_Russell
Faan Rautenbach,https://en.wikipedia.org/wiki/Faan_Rautenbach
Werner Greeff,https://en.wikipedia.org/wiki/Werner_Greeff
Danie Coetzee,https://en.wikipedia.org/wiki/Danie_Coetzee
Shaun Sowerby,https://en.wikipedia.org/wiki/Shaun_Sowerby
Hendro Scholtz,https://en.wikipedia.org/wiki/Hendro_Scholtz
Bakkies Botha,https://en.wikipedia.org/wiki/Bakkies_Botha
Deon Carstens,https://en.wikipedia.org/wiki/Deon_Carstens
Jean de Villiers,https://en.wikipedia.org/wiki/Jean_de_Villiers
Friedrich Lombard,https://en.wikipedia.org/wiki/Friedrich_Lombard
Wessel Roux,https://en.wikipedia.org/wiki/Wessel_Roux
Pierre Uys,https://en.wikipedia.org/wiki/Pierre_Uys
Pedrie Wannenburg,https://en.wikipedia.org/wiki/Pedrie_Wannenburg
Marco Wentzel,https://en.wikipedia.org/wiki/Marco_Wentzel
CJ van der Linde,https://en.wikipedia.org/wiki/CJ_van_der_Linde
Norman Jordaan,https://en.wikipedia.org/wiki/Norman_Jordaan
Ashwin Willemse,https://en.wikipedia.org/wiki/Ashwin_Willemse
Wikus van Heerden,https://en.wikipedia.org/wiki/Wikus_van_Heerden
Richard Bands,https://en.wikipedia.org/wiki/Richard_Bands
Juan Smith,https://en.wikipedia.org/wiki/Juan_Smith
Gcobani Bobo,https://en.wikipedia.org/wiki/Gcobani_Bobo
Jorrie Muller,https://en.wikipedia.org/wiki/Jorrie_Muller
Gus Theron,https://en.wikipedia.org/wiki/Gus_Theron
Geo Cronjé,https://en.wikipedia.org/wiki/Geo_Cronj%C3%A9
Christo Bezuidenhout,https://en.wikipedia.org/wiki/Christo_Bezuidenhout
Jaque Fourie,https://en.wikipedia.org/wiki/Jaque_Fourie
Derick Hougaard,https://en.wikipedia.org/wiki/Derick_Hougaard
Schalk Burger,https://en.wikipedia.org/wiki/Schalk_Burger
Danie Rossouw,https://en.wikipedia.org/wiki/Danie_Rossouw
Henno Mentz,https://en.wikipedia.org/wiki/Henno_Mentz
Fourie du Preez,https://en.wikipedia.org/wiki/Fourie_du_Preez
Jacques Cronjé,https://en.wikipedia.org/wiki/Jacques_Cronj%C3%A9
Eddie Andrews,https://en.wikipedia.org/wiki/Eddie_Andrews_(rugby_union)
Gerrie Britz,https://en.wikipedia.org/wiki/Gerrie_Britz
Hanyani Shimange,https://en.wikipedia.org/wiki/Hanyani_Shimange
Tim Dlulane,https://en.wikipedia.org/wiki/Tim_Dlulane
Solly Tyibilika,https://en.wikipedia.org/wiki/Solly_Tyibilika
Gurthrö Steenkamp,https://en.wikipedia.org/wiki/Gurthr%C3%B6_Steenkamp
Michael Claassens,https://en.wikipedia.org/wiki/Michael_Claassens
Bryan Habana,https://en.wikipedia.org/wiki/Bryan_Habana
Jongi Nokwe,https://en.wikipedia.org/wiki/Jongi_Nokwe
Tonderai Chavhanga,https://en.wikipedia.org/wiki/Tonderai_Chavhanga
Ricky Januarie,https://en.wikipedia.org/wiki/Ricky_Januarie
Gary Botha,https://en.wikipedia.org/wiki/Gary_Botha
Meyer Bosman,https://en.wikipedia.org/wiki/Meyer_Bosman
Wynand Olivier,https://en.wikipedia.org/wiki/Wynand_Olivier
Johann Muller,https://en.wikipedia.org/wiki/Johann_Muller_(rugby_union)
Akona Ndungane,https://en.wikipedia.org/wiki/Akona_Ndungane
JP Pietersen,https://en.wikipedia.org/wiki/JP_Pietersen
Chiliboy Ralepelle,https://en.wikipedia.org/wiki/Chiliboy_Ralepelle
Pierre Spies,https://en.wikipedia.org/wiki/Pierre_Spies
BJ Botha,https://en.wikipedia.org/wiki/BJ_Botha
Ruan Pienaar,https://en.wikipedia.org/wiki/Ruan_Pienaar
Bevin Fortuin,https://en.wikipedia.org/wiki/Bevin_Fortuin
Hilton Lobberts,https://en.wikipedia.org/wiki/Hilton_Lobberts
Jaco Pretorius,https://en.wikipedia.org/wiki/Jaco_Pretorius
François Steyn,https://en.wikipedia.org/wiki/Fran%C3%A7ois_Steyn
Kabamba Floors,https://en.wikipedia.org/wiki/Kabamba_Floors
Waylon Murray,https://en.wikipedia.org/wiki/Waylon_Murray
Luke Watson,https://en.wikipedia.org/wiki/Luke_Watson
Bismarck du Plessis,https://en.wikipedia.org/wiki/Bismarck_du_Plessis
Jannie du Plessis,https://en.wikipedia.org/wiki/Jannie_du_Plessis
Peter Grant,https://en.wikipedia.org/wiki/Peter_Grant_(rugby_union)
Heinke van der Merwe,https://en.wikipedia.org/wiki/Heinke_van_der_Merwe
Ryan Kankowski,https://en.wikipedia.org/wiki/Ryan_Kankowski
Wian du Preez,https://en.wikipedia.org/wiki/Wian_du_Preez
Barend Pieterse,https://en.wikipedia.org/wiki/Barend_Pieterse
Tiaan Liebenberg,https://en.wikipedia.org/wiki/Tiaan_Liebenberg
Andries Bekker,https://en.wikipedia.org/wiki/Andries_Bekker
Brian Mujati,https://en.wikipedia.org/wiki/Brian_Mujati
Tendai Mtawarira,https://en.wikipedia.org/wiki/Tendai_Mtawarira
Odwa Ndungane,https://en.wikipedia.org/wiki/Odwa_Ndungane
Schalk Brits,https://en.wikipedia.org/wiki/Schalk_Brits
Adriaan Strauss,https://en.wikipedia.org/wiki/Adriaan_Strauss
Heinrich Brüssow,https://en.wikipedia.org/wiki/Heinrich_Br%C3%BCssow
Earl Rose,https://en.wikipedia.org/wiki/Earl_Rose_(rugby_union)
Morné Steyn,https://en.wikipedia.org/wiki/Morn%C3%A9_Steyn
Zane Kirchner,https://en.wikipedia.org/wiki/Zane_Kirchner
Heini Adams,https://en.wikipedia.org/wiki/Heini_Adams
Juan de Jongh,https://en.wikipedia.org/wiki/Juan_de_Jongh
Francois Hougaard,https://en.wikipedia.org/wiki/Francois_Hougaard
Riaan Viljoen,https://en.wikipedia.org/wiki/Riaan_Viljoen
Alistair Hargreaves,https://en.wikipedia.org/wiki/Alistair_Hargreaves
Ashley Johnson,https://en.wikipedia.org/wiki/Ashley_Johnson_(rugby_union)
Bandise Maku,https://en.wikipedia.org/wiki/Bandise_Maku
Dewald Potgieter,https://en.wikipedia.org/wiki/Dewald_Potgieter
Davon Raubenheimer,https://en.wikipedia.org/wiki/Davon_Raubenheimer
Jean Deysel,https://en.wikipedia.org/wiki/Jean_Deysel
Francois Louw,https://en.wikipedia.org/wiki/Francois_Louw
Gio Aplon,https://en.wikipedia.org/wiki/Gio_Aplon
Bjorn Basson,https://en.wikipedia.org/wiki/Bjorn_Basson
Flip van der Merwe,https://en.wikipedia.org/wiki/Flip_van_der_Merwe
Elton Jantjies,https://en.wikipedia.org/wiki/Elton_Jantjies
Pat Lambie,https://en.wikipedia.org/wiki/Patrick_Lambie
Lwazi Mvovo,https://en.wikipedia.org/wiki/Lwazi_Mvovo
Willem Alberts,https://en.wikipedia.org/wiki/Willem_Alberts
Keegan Daniel,https://en.wikipedia.org/wiki/Keegan_Daniel
Coenie Oosthuizen,https://en.wikipedia.org/wiki/Coenie_Oosthuizen
Deon Stegmann,https://en.wikipedia.org/wiki/Deon_Stegmann
Charl McLeod,https://en.wikipedia.org/wiki/Charl_McLeod
Andries Strauss,https://en.wikipedia.org/wiki/Andries_Strauss
Werner Kruger,https://en.wikipedia.org/wiki/Werner_Kruger
Dean Greyling,https://en.wikipedia.org/wiki/Dean_Greyling
Gerhard Mostert,https://en.wikipedia.org/wiki/Gerhard_Mostert
Marcell Coetzee,https://en.wikipedia.org/wiki/Marcell_Coetzee
Juandré Kruger,https://en.wikipedia.org/wiki/Juandr%C3%A9_Kruger
Eben Etzebeth,https://en.wikipedia.org/wiki/Eben_Etzebeth
Jacques Potgieter,https://en.wikipedia.org/wiki/Jacques_Potgieter
Pat Cilliers,https://en.wikipedia.org/wiki/Pat_Cilliers
JJ Engelbrecht,https://en.wikipedia.org/wiki/JJ_Engelbrecht
Craig Burden,https://en.wikipedia.org/wiki/Craig_Burden
Jano Vermaak,https://en.wikipedia.org/wiki/Jano_Vermaak
Johan Goosen,https://en.wikipedia.org/wiki/Johan_Goosen
Duane Vermeulen,https://en.wikipedia.org/wiki/Duane_Vermeulen
Frans Malherbe,https://en.wikipedia.org/wiki/Frans_Malherbe
Jaco Taute,https://en.wikipedia.org/wiki/Jaco_Taute
Arno Botha,https://en.wikipedia.org/wiki/Arno_Botha
Lionel Mapoe,https://en.wikipedia.org/wiki/Lionel_Mapoe
Raymond Rhule,https://en.wikipedia.org/wiki/Raymond_Rhule
Franco van der Merwe,https://en.wikipedia.org/wiki/Franco_van_der_Merwe
JC Janse van Rensburg,https://en.wikipedia.org/wiki/JC_Janse_van_Rensburg
Willie le Roux,https://en.wikipedia.org/wiki/Willie_le_Roux
Jan Serfontein,https://en.wikipedia.org/wiki/Jan_Serfontein
Trevor Nyakane,https://en.wikipedia.org/wiki/Trevor_Nyakane
Siya Kolisi,https://en.wikipedia.org/wiki/Siya_Kolisi
Piet van Zyl,"https://en.wikipedia.org/wiki/Piet_van_Zyl_(rugby_union,_born_1989)"
Lourens Adriaanse,https://en.wikipedia.org/wiki/Lourens_Adriaanse
Pieter-Steph du Toit,https://en.wikipedia.org/wiki/Pieter-Steph_du_Toit
Cornal Hendricks,https://en.wikipedia.org/wiki/Cornal_Hendricks
Lood de Jager,https://en.wikipedia.org/wiki/Lood_de_Jager
Handré Pollard,https://en.wikipedia.org/wiki/Handr%C3%A9_Pollard
Marcel van der Merwe,https://en.wikipedia.org/wiki/Marcel_van_der_Merwe
Oupa Mohojé,https://en.wikipedia.org/wiki/Oupa_Mohoj%C3%A9
Stephan Lewies,https://en.wikipedia.org/wiki/Stephan_Lewies
Marnitz Boshoff,https://en.wikipedia.org/wiki/Marnitz_Boshoff
Damian de Allende,https://en.wikipedia.org/wiki/Damian_de_Allende
Warren Whiteley,https://en.wikipedia.org/wiki/Warren_Whiteley
Cobus Reinach,https://en.wikipedia.org/wiki/Cobus_Reinach
Nizaam Carr,https://en.wikipedia.org/wiki/Nizaam_Carr
Julian Redelinghuys,https://en.wikipedia.org/wiki/Julian_Redelinghuys
Jesse Kriel,https://en.wikipedia.org/wiki/Jesse_Kriel
Vincent Koch,https://en.wikipedia.org/wiki/Vincent_Koch
Rudy Paige,https://en.wikipedia.org/wiki/Rudy_Paige
Faf de Klerk,https://en.wikipedia.org/wiki/Faf_de_Klerk
Ruan Combrinck,https://en.wikipedia.org/wiki/Ruan_Combrinck
Franco Mostert,https://en.wikipedia.org/wiki/Franco_Mostert
Steven Kitshoff,https://en.wikipedia.org/wiki/Steven_Kitshoff
Jaco Kriel,https://en.wikipedia.org/wiki/Jaco_Kriel
Bongi Mbonambi,https://en.wikipedia.org/wiki/Bongi_Mbonambi
Malcolm Marx,https://en.wikipedia.org/wiki/Malcolm_Marx
Francois Venter,https://en.wikipedia.org/wiki/Francois_Venter
Uzair Cassiem,https://en.wikipedia.org/wiki/Uzair_Cassiem
Jamba Ulengo,https://en.wikipedia.org/wiki/Jamba_Ulengo
Rohan Janse van Rensburg,https://en.wikipedia.org/wiki/Rohan_Janse_van_Rensburg
Jean-Luc du Preez,https://en.wikipedia.org/wiki/Jean-Luc_du_Preez
Ross Cronjé,https://en.wikipedia.org/wiki/Ross_Cronj%C3%A9
Courtnall Skosan,https://en.wikipedia.org/wiki/Courtnall_Skosan
Andries Coetzee,https://en.wikipedia.org/wiki/Andries_Coetzee
Dillyn Leyds,https://en.wikipedia.org/wiki/Dillyn_Leyds
Ruan Dreyer,https://en.wikipedia.org/wiki/Ruan_Dreyer
Curwin Bosch,https://en.wikipedia.org/wiki/Curwin_Bosch
Wilco Louw,https://en.wikipedia.org/wiki/Wilco_Louw
Dan du Preez,https://en.wikipedia.org/wiki/Dan_du_Preez
Warrick Gelant,https://en.wikipedia.org/wiki/Warrick_Gelant
Louis Schreuder,https://en.wikipedia.org/wiki/Louis_Schreuder
Lukhanyo Am,https://en.wikipedia.org/wiki/Lukhanyo_Am
Ox Nché,https://en.wikipedia.org/wiki/Ox_Nch%C3%A9
Jason Jenkins,https://en.wikipedia.org/wiki/Jason_Jenkins
Kwagga Smith,https://en.wikipedia.org/wiki/Kwagga_Smith
Ivan van Zyl,https://en.wikipedia.org/wiki/Ivan_van_Zyl
Makazole Mapimpi,https://en.wikipedia.org/wiki/Makazole_Mapimpi
André Esterhuizen,https://en.wikipedia.org/wiki/Andr%C3%A9_Esterhuizen
Travis Ismaiel,https://en.wikipedia.org/wiki/Travis_Ismaiel
Sikhumbuzo Notshe,https://en.wikipedia.org/wiki/Sikhumbuzo_Notshe
Thomas du Toit,https://en.wikipedia.org/wiki/Thomas_du_Toit
Akker van der Merwe,https://en.wikipedia.org/wiki/Akker_van_der_Merwe
Marvin Orie,https://en.wikipedia.org/wiki/Marvin_Orie
Robert du Preez,"https://en.wikipedia.org/wiki/Robert_du_Preez_(rugby_union,_born_1993)"
Embrose Papier,https://en.wikipedia.org/wiki/Embrose_Papier
RG Snyman,https://en.wikipedia.org/wiki/RG_Snyman
Aphiwe Dyantyi,https://en.wikipedia.org/wiki/Aphiwe_Dyantyi
S'busiso Nkosi,https://en.wikipedia.org/wiki/Sbu_Nkosi
Marco van Staden,https://en.wikipedia.org/wiki/Marco_van_Staden
Damian Willemse,https://en.wikipedia.org/wiki/Damian_Willemse
Cheslin Kolbe,https://en.wikipedia.org/wiki/Cheslin_Kolbe
Rynhardt Elstadt,https://en.wikipedia.org/wiki/Rynhardt_Elstadt
Herschel Jantjies,https://en.wikipedia.org/wiki/Herschel_Jantjies
Lizo Gqoboka,https://en.wikipedia.org/wiki/Lizo_Gqoboka
Scarra Ntubeni,https://en.wikipedia.org/wiki/Scarra_Ntubeni
Aphelele Fassi,https://en.wikipedia.org/wiki/Aphelele_Fassi
Rosko Specman,https://en.wikipedia.org/wiki/Rosko_Specman
Jasper Wiese,https://en.wikipedia.org/wiki/Jasper_Wiese
Joseph Dweba,https://en.wikipedia.org/wiki/Joseph_Dweba
Jaden Hendrikse,https://en.wikipedia.org/wiki/Jaden_Hendrikse
Nico Janse van Rensburg,https://en.wikipedia.org/wiki/Nico_Janse_van_Rensburg
Elrigh Louw,https://en.wikipedia.org/wiki/Elrigh_Louw
Salmaan Moerat,https://en.wikipedia.org/wiki/Salmaan_Moerat
Evan Roos,https://en.wikipedia.org/wiki/Evan_Roos
Kurt-Lee Arendse,https://en.wikipedia.org/wiki/Kurt-Lee_Arendse
Ntuthuko Mchunu,https://en.wikipedia.org/wiki/Ntuthuko_Mchunu
Ruan Nortjé,https://en.wikipedia.org/wiki/Ruan_Nortj%C3%A9
Deon Fourie,https://en.wikipedia.org/wiki/Deon_Fourie
Grant Williams,https://en.wikipedia.org/wiki/Grant_Williams_(rugby_union)
Canan Moodie,https://en.wikipedia.org/wiki/Canan_Moodie
Manie Libbok,https://en.wikipedia.org/wiki/Manie_Libbok
Jean Kleyn,https://en.wikipedia.org/wiki/Jean_Kleyn
Gerhard Steenekamp,https://en.wikipedia.org/wiki/Gerhard_Steenekamp
Jordan Hendrikse,https://en.wikipedia.org/wiki/Jordan_Hendrikse
Edwill van der Merwe,https://en.wikipedia.org/wiki/Edwill_van_der_Merwe
Ben-Jason Dixon,https://en.wikipedia.org/wiki/Ben-Jason_Dixon
Sacha Feinberg-Mngomezulu,https://en.wikipedia.org/wiki/Sacha_Feinberg-Mngomezulu
Jan-Hendrik Wessels,https://en.wikipedia.org/wiki/Jan-Hendrik_Wessels
Johan Grobbelaar,https://en.wikipedia.org/wiki/Johan_Grobbelaar
Phepsi Buthelezi,https://en.wikipedia.org/wiki/Phepsi_Buthelezi
Morné van den Berg,https://en.wikipedia.org/wiki/Morn%C3%A9_van_den_Berg
Andre-Hugo Venter,https://en.wikipedia.org/wiki/Andre-Hugo_Venter
Ruan Venter,"https://en.wikipedia.org/wiki/Ruan_Venter_(rugby_union,_born_2002)"
Quan Horn,https://en.wikipedia.org/wiki/Quan_Horn
Cameron Hanekom,https://en.wikipedia.org/wiki/Cameron_Hanekom
Vincent Tshituka,https://en.wikipedia.org/wiki/Vincent_Tshituka
Cobus Wiese,https://en.wikipedia.org/wiki/Cobus_Wiese
Ethan Hooker,https://en.wikipedia.org/wiki/Ethan_Hooker
Asenathi Ntlabakanye,https://en.wikipedia.org/wiki/Asenathi_Ntlabakanye
Boan Venter,https://en.wikipedia.org/wiki/Boan_Venter
Marnus van der Merwe,https://en.wikipedia.org/wiki/Marnus_van_der_Merwe
Neethling Fouché,https://en.wikipedia.org/wiki/Neethling_Fouch%C3%A9
