"name","tier","division","nation","wikidataId","homonyms"
"Bath Rugby",1,"Premiership Rugby","England","Q810786",""
"Bristol Bears",1,"Premiership Rugby","England","Q917973",""
"Exeter Chiefs",1,"Premiership Rugby","England","Q675305",""
"Gloucester Rugby",1,"Premiership Rugby","England","Q745758",""
"Harlequin FC",1,"Premiership Rugby","England","Q1149835",""
"Leicester Tigers",1,"Premiership Rugby","England","Q1071691",""
"London Irish",1,"Premiership Rugby","England","Q1193020",""
"London Welsh RFC",1,"Premiership Rugby","England","Q1048688",""
"Newcastle Falcons",1,"Premiership Rugby","England","Q910657",""
"Northampton Saints",1,"Premiership Rugby","England","Q1201283",""
"Sale Sharks",1,"Premiership Rugby","England","Q928517","Q131663675"
"Saracens FC",1,"Premiership Rugby","England","Q9641",""
"Wasps RFC",1,"Premiership Rugby","England","Q1150127","Q7972726; Q7972728"
"Worcester Warriors",1,"Premiership Rugby","England","Q2094512",""
"Ampthill RUFC",2,"RFU Championship","England","Q4748551",""
"Bedford Blues",2,"RFU Championship","England","Q639082",""
"Caldy RFC",2,"RFU Championship","England","Q5019181",""
"Cambridge RUFC",2,"RFU Championship","England","Q5025504",""
"Chinnor RFC",2,"RFU Championship","England","Q5101194",""
"Cornish Pirates",2,"RFU Championship","England","Q1134198",""
"Coventry RFC",2,"RFU Championship","England","Q1138074",""
"Doncaster Knights",2,"RFU Championship","England","Q3036238",""
"Ealing Trailfinders Rugby Club",2,"RFU Championship","England","Q5325488",""
"Hartpury University RFC",2,"RFU Championship","England","Q16842085",""
"London Scottish FC",2,"RFU Championship","England","Q657211",""
"Nottingham RFC",2,"RFU Championship","England","Q165586",""
"Birmingham Moseley Rugby",3,"National League 1","England","Q289030",""
"Bishop's Stortford RFC",3,"National League 1","England","Q4917442",""
"Blackheath FC",3,"National League 1","England","Q2481690",""
"Darlington Mowden Park RFC",3,"National League 1","England","Q5223990",""
"Dings Crusaders RFC",3,"National League 1","England","Q5278270",""
"Esher RFC",3,"National League 1","England","Q5397827",""
"Leicester Lions RFC",3,"National League 1","England","Q6519198",""
"Plymouth Albion RFC",3,"National League 1","England","Q3392807",""
"Rams RFC",3,"National League 1","England","Q7305944",""
"Richmond FC",3,"National League 1","England","Q3431476",""
"Rosslyn Park FC",3,"National League 1","England","Q3442851",""
"Rotherham Titans",3,"National League 1","England","Q686057",""
"Sale FC Rugby Club",3,"National League 1","England","Q16932957",""
"Sedgley Park RUFC",3,"National League 1","England","Q7445255",""
"Barnes RFC",4,"National League 2 East","England","Q4861546",""
"Bury St Edmunds RUFC",4,"National League 2 East","England","Q16849635",""
"Canterbury RFC",4,"National League 2 East","England","Q5033683","Q104855938"
"Colchester RFC",4,"National League 2 East","England","Q27963258",""
"Dorking RFC",4,"National League 2 East","England","Q18125541",""
"Guernsey RFC",4,"National League 2 East","England","Q5614908",""
"Havant RFC",4,"National League 2 East","England","Q5683135",""
"Henley Hawks",4,"National League 2 East","England","Q5714642",""
"Old Albanian RFC",4,"National League 2 East","England","Q7083374",""
"Oxford Harlequins RFC",4,"National League 2 East","England","Q7115345",""
"Sevenoaks RFC",4,"National League 2 East","England","Q65045344",""
"Tonbridge Juddians RFC",4,"National League 2 East","England","Q7820769",""
"Westcombe Park RFC",4,"National League 2 East","England","Q7987290",""
"Worthing RFC",4,"National League 2 East","England","Q8037228",""
"Billingham RUFC",4,"National League 2 North","England","Q4911926",""
"Chester RUFC",4,"National League 2 North","England","Q5093693",""
"Fylde RFC",4,"National League 2 North","England","Q5511219",""
"Harrogate RUFC",4,"National League 2 North","England","Q5666423",""
"Hull Ionians",4,"National League 2 North","England","Q5935936",""
"Hull RUFC",4,"National League 2 North","England","Q16994425",""
"Leeds Tykes",4,"National League 2 North","England","Q1360196",""
"Lymm RFC",4,"National League 2 North","England","Q6708205",""
"Otley RUFC",4,"National League 2 North","England","Q953823",""
"Preston Grasshoppers RFC",4,"National League 2 North","England","Q7241893",""
"Sheffield RUFC",4,"National League 2 North","England","Q7492734",""
"Sheffield Tigers RUFC",4,"National League 2 North","England","Q7492761",""
"Tynedale RFC",4,"National League 2 North","England","Q7860518",""
"Wharfedale RUFC",4,"National League 2 North","England","Q7990676",""
"Bournville RFC",4,"National League 2 West","England","Q4950323",""
"Camborne RFC",4,"National League 2 West","England","Q5025224",""
"Cinderford RFC",4,"National League 2 West","England","Q16958426",""
"Clifton Rugby",4,"National League 2 West","England","Q5133308",""
"Devonport Services RFC",4,"National League 2 West","England","Q16973676",""
"Exeter University RFC",4,"National League 2 West","England","Q5420146",""
"Hinckley RFC",4,"National League 2 West","England","Q5765771",""
"Hornets RFC",4,"National League 2 West","England","Q18126112",""
"Loughborough Students RUFC",4,"National League 2 West","England","Q6686175",""
"Luctonians",4,"National League 2 West","England","Q11986910",""
"Macclesfield RUFC",4,"National League 2 West","England","Q6722935",""
"Old Redcliffians",4,"National League 2 West","England","Q7084827",""
"Redruth RFC",4,"National League 2 West","England","Q7306238",""
"Taunton RFC",4,"National League 2 West","England","Q7688802",""
"Banbury RUFC",5,"Regional 1 Midlands","England","Q124448748",""
"Bridgnorth RFC",5,"Regional 1 Midlands","England","Q27958072",""
"Broadstreet RFC",5,"Regional 1 Midlands","England","Q4972313",""
"Bromsgrove RFC",5,"Regional 1 Midlands","England","Q4973768",""
"Burton RFC",5,"Regional 1 Midlands","England","Q5000901",""
"Derby RFC",5,"Regional 1 Midlands","England","Q5261499",""
"Dudley Kingswinford RFC",5,"Regional 1 Midlands","England","Q5311896",""
"Kenilworth RFC",5,"Regional 1 Midlands","England","Q6389298",""
"Old Halesonians RFC",5,"Regional 1 Midlands","England","Q17017658",""
"Stafford RFC",5,"Regional 1 Midlands","England","",""
"Stockwood Park RFC",5,"Regional 1 Midlands","England","",""
"Stoke-on-Trent RUFC",5,"Regional 1 Midlands","England","Q65048052",""
"Stourbridge RFC",5,"Regional 1 Midlands","England","Q7620586",""
"Syston RFC",5,"Regional 1 Midlands","England","Q7663902",""
"Wolverhampton RFC",5,"Regional 1 Midlands","England","",""
"Alnwick RFC",5,"Regional 1 North East","England","Q16242778",""
"Blaydon RFC",5,"Regional 1 North East","England","Q4925576",""
"Cleckheaton RUFC",5,"Regional 1 North East","England","Q5131032",""
"Driffield RUFC",5,"Regional 1 North East","England","Q113993121",""
"Heath RUFC",5,"Regional 1 North East","England","Q114000025",""
"Huddersfield RUFC",5,"Regional 1 North East","England","Q5928274",""
"Ilkley Rugby Club",5,"Regional 1 North East","England","Q27963257",""
"Pontefract RUFC",5,"Regional 1 North East","England","Q124304128",""
"Sandal RUFC",5,"Regional 1 North East","England","Q17020492",""
"Scunthorpe RUFC",5,"Regional 1 North East","England","Q7439497",""
"Selby RFC",5,"Regional 1 North East","England","",""
"York RUFC",5,"Regional 1 North East","England","Q97162969",""
"Anselmians RUFC",5,"Regional 1 North West","England","Q124391520",""
"Birkenhead Park FC",5,"Regional 1 North West","England","Q4916436",""
"Blackburn RUFC",5,"Regional 1 North West","England","Q65043339",""
"Kendal RUFC",5,"Regional 1 North West","England","Q6388862",""
"Kirkby Lonsdale RUFC",5,"Regional 1 North West","England","Q39046783",""
"Leek RUFC",5,"Regional 1 North West","England","Q124322785",""
"Manchester Rugby Club",5,"Regional 1 North West","England","Q3285342",""
"Penrith RUFC",5,"Regional 1 North West","England","Q7164613",""
"Rossendale RUFC",5,"Regional 1 North West","England","Q7369786",""
"Sandbach RUFC",5,"Regional 1 North West","England","Q7416005",""
"Stockport RUFC",5,"Regional 1 North West","England","Q7618168",""
"Wirral RFC",5,"Regional 1 North West","England","Q8026993",""
"Bournemouth Rugby",5,"Regional 1 South Central","England","Q4950293",""
"Bracknell RFC",5,"Regional 1 South Central","England","Q16240983",""
"Brighton Football Club",5,"Regional 1 South Central","England","Q4967643",""
"Camberley RFC",5,"Regional 1 South Central","England","Q124547966",""
"CS Rugby 1863",5,"Regional 1 South Central","England","Q5014485",""
"Hammersmith & Fulham RFC",5,"Regional 1 South Central","England","Q124842478",""
"Horsham Rugby Club",5,"Regional 1 South Central","England","Q124625022",""
"London Welsh Amateur",5,"Regional 1 South Central","England","Q48698853",""
"Maidenhead RFC",5,"Regional 1 South Central","England","Q6735439",""
"Marlborough RFC",5,"Regional 1 South Central","England","Q124540187",""
"Tunbridge Wells RFC",5,"Regional 1 South Central","England","Q7852849",""
"Bedford Athletic",5,"Regional 1 South East","England","Q4879103",""
"Guildford Rugby Club",5,"Regional 1 South East","England","Q5615840",""
"Harpenden RFC",5,"Regional 1 South East","England","Q15223071",""
"Hertford RFC",5,"Regional 1 South East","England","Q5744712",""
"Letchworth Garden City RUFC",5,"Regional 1 South East","England","Q6533189",""
"Old Northamptonians RFC",5,"Regional 1 South East","England","Q7084641",""
"Oundle RFC",5,"Regional 1 South East","England","Q124458894",""
"Rochford Hundred RFC",5,"Regional 1 South East","England","Q65045335",""
"Shelford Rugby Club",5,"Regional 1 South East","England","Q7493610",""
"Sidcup RFC",5,"Regional 1 South East","England","",""
"Southend RFC",5,"Regional 1 South East","England","Q7569546",""
"Sudbury RUFC",5,"Regional 1 South East","England","Q65048763",""
"Towcestrians Sports Club",5,"Regional 1 South East","England","Q28446145",""
"Tring Rugby",5,"Regional 1 South East","England","Q7842357",""
"Westcliff RFC",5,"Regional 1 South East","England","Q7987277",""
"Wimbledon RFC",5,"Regional 1 South East","England","Q8023527",""
"Barnstaple RFC",5,"Regional 1 South West","England","Q4861967",""
"Brixham RFC",5,"Regional 1 South West","England","Q4971708",""
"Chew Valley RFC",5,"Regional 1 South West","England","",""
"Exmouth RFC",5,"Regional 1 South West","England","Q5420463",""
"Ivybridge RFC",5,"Regional 1 South West","England","Q27963261",""
"Launceston RUFC",5,"Regional 1 South West","England","Q6498361","Q6498363"
"Lydney RFC",5,"Regional 1 South West","England","Q6707732",""
"Matson RFC",5,"Regional 1 South West","England","Q125121249",""
"Mounts Bay RFC",5,"Regional 1 South West","England","Q6925828",""
"Okehampton RFC",5,"Regional 1 South West","England","Q30074653",""
"Old Patesians RFC",5,"Regional 1 South West","England","Q7084707",""
"Oxford RFC",5,"Regional 1 South West","England","Q22087439",""
"Sidmouth RFC",5,"Regional 1 South West","England","",""
"St Austell RFC",5,"Regional 1 South West","England","Q29379011",""
"Weston-super-Mare RFC",5,"Regional 1 South West","England","Q7989385",""
"Brentwood RFC",6,"Regional 2 Anglia","England","Q55605896",""
"Chelmsford RFC",6,"Regional 2 Anglia","England","Q5089966",""
"Eton Manor RFC",6,"Regional 2 Anglia","England","Q27963259",""
"Harlow Rugby Club",6,"Regional 2 Anglia","England","Q5658996",""
"Holt RFC",6,"Regional 2 Anglia","England","",""
"Stowmarket RFC",6,"Regional 2 Anglia","England","",""
"Wanstead RFC",6,"Regional 2 Anglia","England","",""
"Woodford RFC",6,"Regional 2 Anglia","England","",""
"Wymondham RFC",6,"Regional 2 Anglia","England","",""
"Belgrave RFC",6,"Regional 2 East Midlands","England","",""
"Daventry RFC",6,"Regional 2 East Midlands","England","",""
"Kettering RFC",6,"Regional 2 East Midlands","England","Q6395476",""
"Leicester Forest RFC",6,"Regional 2 East Midlands","England","",""
"Lutterworth RFC",6,"Regional 2 East Midlands","England","",""
"Market Bosworth RFC",6,"Regional 2 East Midlands","England","Q16997369",""
"Market Harborough",6,"Regional 2 East Midlands","England","",""
"Melton Mowbray RFC",6,"Regional 2 East Midlands","England","",""
"Northampton Old Scouts",6,"Regional 2 East Midlands","England","",""
"Oadby Wyggestonians",6,"Regional 2 East Midlands","England","",""
"Olney RFC",6,"Regional 2 East Midlands","England","Q7088456",""
"Peterborough RUFC",6,"Regional 2 East Midlands","England","Q7178024",""
"Wellingborough RFC",6,"Regional 2 East Midlands","England","",""
"Aspatria RUFC",6,"Regional 2 North","England","Q4807743",""
"Cockermouth RFC",6,"Regional 2 North","England","",""
"Consett RFC",6,"Regional 2 North","England","",""
"Durham City RFC",6,"Regional 2 North","England","Q65048033",""
"Keswick RFC",6,"Regional 2 North","England","",""
"Middlesbrough RUFC",6,"Regional 2 North","England","Q6841859",""
"Morpeth RFC",6,"Regional 2 North","England","Q65044750",""
"Northern Football Club",6,"Regional 2 North","England","Q7058351",""
"Percy Park RFC",6,"Regional 2 North","England","Q17016373",""
"Stockton RFC",6,"Regional 2 North","England","Q85803557",""
"Upper Eden RFC",6,"Regional 2 North","England","",""
"West Hartlepool RFC",6,"Regional 2 North","England","Q3567426",""
"Bradford Salem RFC",6,"Regional 2 North East","England","",""
"Goole RFC",6,"Regional 2 North East","England","",""
"Malton & Norton RFC",6,"Regional 2 North East","England","",""
"Moortown RFC",6,"Regional 2 North East","England","",""
"Morley RFC",6,"Regional 2 North East","England","Q6912548",""
"Old Brodleians",6,"Regional 2 North East","England","Q7083546",""
"Old Crossleyans",6,"Regional 2 North East","England","",""
"Rochdale RUFC",6,"Regional 2 North East","England","Q7353809",""
"Scarborough RUFC",6,"Regional 2 North East","England","Q65045871",""
"Wetherby RFC",6,"Regional 2 North East","England","",""
"Dronfield RFC",6,"Regional 2 North Midlands","England","",""
"Ilkeston RFC",6,"Regional 2 North Midlands","England","",""
"Lichfield RUFC",6,"Regional 2 North Midlands","England","Q6543279",""
"Matlock RFC",6,"Regional 2 North Midlands","England","",""
"Melbourne RFC",6,"Regional 2 North Midlands","England","Q6811862",""
"Mellish RFC",6,"Regional 2 North Midlands","England","",""
"Newark RFC",6,"Regional 2 North Midlands","England","",""
"Old Saltleians",6,"Regional 2 North Midlands","England","",""
"Paviors RFC",6,"Regional 2 North Midlands","England","Q65043800",""
"Tamworth RUFC",6,"Regional 2 North Midlands","England","Q7681929",""
"Walsall RFC",6,"Regional 2 North Midlands","England","Q42377539",""
"West Bridgford RFC",6,"Regional 2 North Midlands","England","Q7984569",""
"Altrincham Kersal RFC",6,"Regional 2 North West","England","Q4736996",""
"Bowdon RFC",6,"Regional 2 North West","England","",""
"Burnage Rugby",6,"Regional 2 North West","England","Q4999605",""
"Crewe & Nantwich RFC",6,"Regional 2 North West","England","",""
"Douglas RUFC",6,"Regional 2 North West","England","Q5301903",""
"Eccles RFC",6,"Regional 2 North West","England","Q124444451",""
"Liverpool St Helens FC",6,"Regional 2 North West","England","Q3257128",""
"Northwich RFC",6,"Regional 2 North West","England","",""
"Vale of Lune RUFC",6,"Regional 2 North West","England","Q7909552",""
"Waterloo FC",6,"Regional 2 North West","England","Q3566691",""
"Widnes RFC",6,"Regional 2 North West","England","",""
"Winnington Park",6,"Regional 2 North West","England","Q8025722",""
"Chippenham RFC",6,"Regional 2 Severn","England","Q5101641",""
"Drybrook RFC",6,"Regional 2 Severn","England","Q55610046",""
"Gordano RFC",6,"Regional 2 Severn","England","",""
"Keynsham RFC",6,"Regional 2 Severn","England","",""
"Longlevens RFC",6,"Regional 2 Severn","England","",""
"Old Centralians",6,"Regional 2 Severn","England","Q17015840",""
"Stow-on-the-Wold RFC",6,"Regional 2 Severn","England","",""
"Swindon RFC",6,"Regional 2 Severn","England","",""
"Thornbury RFC",6,"Regional 2 Severn","England","",""
"Trowbridge RC",6,"Regional 2 Severn","England","Q127038794",""
"Witney RFC",6,"Regional 2 Severn","England","Q125697612",""
"Andover RFC",6,"Regional 2 South Central","England","",""
"Chichester RFC",6,"Regional 2 South Central","England","Q17986427",""
"Farnham RFC",6,"Regional 2 South Central","England","",""
"Newbury RFC",6,"Regional 2 South Central","England","Q7017241",""
"North Dorset RFC",6,"Regional 2 South Central","England","Q7055143",""
"Petersfield RFC",6,"Regional 2 South Central","England","Q7178214",""
"Tottonians RFC",6,"Regional 2 South Central","England","",""
"Wimborne RC",6,"Regional 2 South Central","England","Q125697585",""
"Winchester RFC",6,"Regional 2 South Central","England","Q65117700",""
"Battersea Ironsides",6,"Regional 2 South East","England","",""
"Beckenham RFC",6,"Regional 2 South East","England","Q4878649",""
"Dartfordians",6,"Regional 2 South East","England","",""
"Gravesend RFC",6,"Regional 2 South East","England","Q130338958",""
"Medway RFC",6,"Regional 2 South East","England","Q124485497",""
"Old Colfeians",6,"Regional 2 South East","England","Q17015857",""
"Old Reigatian RFC",6,"Regional 2 South East","England","Q126948762",""
"Old Tiffinians",6,"Regional 2 South East","England","",""
"Reeds Weybridge",6,"Regional 2 South East","England","",""
"Sutton & Epsom RFC",6,"Regional 2 South East","England","Q7650213",""
"Thurrock RFC",6,"Regional 2 South East","England","Q7799381",""
"Crediton RFC",6,"Regional 2 South West","England","Q126924739",""
"Cullompton RFC",6,"Regional 2 South West","England","",""
"Newton Abbot RFC",6,"Regional 2 South West","England","Q7020130",""
"North Petherton RFC",6,"Regional 2 South West","England","",""
"Teignmouth RFC",6,"Regional 2 South West","England","Q7695006",""
"Tiverton RFC",6,"Regional 2 South West","England","Q17020452",""
"Topsham RFC",6,"Regional 2 South West","England","",""
"Truro RFC",6,"Regional 2 South West","England","Q29379015",""
"Wadebridge Camels",6,"Regional 2 South West","England","Q7959148",""
"Wellington RFC",6,"Regional 2 South West","England","",""
"Winscombe RFC",6,"Regional 2 South West","England","Q8025917",""
"Amersham and Chiltern RFC",6,"Regional 2 Thames","England","Q4745828",""
"Aylesbury RFC",6,"Regional 2 Thames","England","",""
"Beaconsfield RFC",6,"Regional 2 Thames","England","Q4876030",""
"Belsize Park RFC",6,"Regional 2 Thames","England","Q4884682",""
"Chobham RFC",6,"Regional 2 Thames","England","Q22097687",""
"Fullerians",6,"Regional 2 Thames","England","",""
"Grasshoppers",6,"Regional 2 Thames","England","",""
"Hemel Hempstead",6,"Regional 2 Thames","England","",""
"Honourable Artillery Company",6,"Regional 2 Thames","England","",""
"London Irish Amateur",6,"Regional 2 Thames","England","Q16996879",""
"Marlow RUFC",6,"Regional 2 Thames","England","Q15248449",""
"Old Haberdashers",6,"Regional 2 Thames","England","",""
"Old Priorians",6,"Regional 2 Thames","England","",""
"Teddington RFC",6,"Regional 2 Thames","England","",""
"Cheltenham Saracens RFC",6,"Regional 2 West Midlands","England","Q24993139",""
"Edwardians",6,"Regional 2 West Midlands","England","",""
"Hereford RFC",6,"Regional 2 West Midlands","England","Q16993957",""
"Ledbury RFC",6,"Regional 2 West Midlands","England","",""
"Ludlow RFC",6,"Regional 2 West Midlands","England","",""
"Malvern RFC",6,"Regional 2 West Midlands","England","Q6745084",""
"Newent RFC",6,"Regional 2 West Midlands","England","",""
"Shipston-on-Stour RFC",6,"Regional 2 West Midlands","England","Q7498115",""
"Stratford-upon-Avon RFC",6,"Regional 2 West Midlands","England","",""
"Whitchurch RFC",6,"Regional 2 West Midlands","England","Q7994208",""
"Aldwinians RUFC",7,"Counties 1 ADM Lancashire & Cheshire","England","Q131295868",""
"Aspull RFC",7,"Counties 1 ADM Lancashire & Cheshire","England","",""
"Bolton RUFC",7,"Counties 1 ADM Lancashire & Cheshire","England","Q4940217",""
"Broughton Park RUFC",7,"Counties 1 ADM Lancashire & Cheshire","England","Q4975836",""
"Didsbury Toc H",7,"Counties 1 ADM Lancashire & Cheshire","England","",""
"Glossop RFC",7,"Counties 1 ADM Lancashire & Cheshire","England","",""
"Heaton Moor RUFC",7,"Counties 1 ADM Lancashire & Cheshire","England","Q5694423",""
"New Brighton FC",7,"Counties 1 ADM Lancashire & Cheshire","England","Q7005690",""
"Sefton RUFC",7,"Counties 1 ADM Lancashire & Cheshire","England","Q7446123",""
"Southport RFC",7,"Counties 1 ADM Lancashire & Cheshire","England","Q7570979",""
"Tarleton RFC",7,"Counties 1 ADM Lancashire & Cheshire","England","",""
"Trafford MV RFCC",7,"Counties 1 ADM Lancashire & Cheshire","England","",""
"West Park St Helens",7,"Counties 1 ADM Lancashire & Cheshire","England","Q7986174",""
"Wilmslow RUFC",7,"Counties 1 ADM Lancashire & Cheshire","England","Q55637779",""
"Ambleside RFC",7,"Counties 1 Cumbria","England","",""
"Carlisle RFC",7,"Counties 1 Cumbria","England","Q65043343",""
"Creighton RFC",7,"Counties 1 Cumbria","England","",""
"Egremont RFC",7,"Counties 1 Cumbria","England","",""
"Hawcoat Park RFC",7,"Counties 1 Cumbria","England","",""
"Millom RLFC",7,"Counties 1 Cumbria","England","Q6859903",""
"St Benedict's RFC",7,"Counties 1 Cumbria","England","",""
"Whitehaven RUFC",7,"Counties 1 Cumbria","England","Q55137509",""
"Wigton RFC",7,"Counties 1 Cumbria","England","",""
"Windermere RFC",7,"Counties 1 Cumbria","England","",""
"Workington RFC",7,"Counties 1 Cumbria","England","Q60754769",""
"Acklam RFC",7,"Counties 1 Durham & Northumberland","England","",""
"Bishop Auckland RFC",7,"Counties 1 Durham & Northumberland","England","",""
"Darlington RFC",7,"Counties 1 Durham & Northumberland","England","Q5223995",""
"Hartlepool Rovers",7,"Counties 1 Durham & Northumberland","England","Q5674821",""
"Medicals RFC",7,"Counties 1 Durham & Northumberland","England","Q6806628",""
"Novocastrians RFC",7,"Counties 1 Durham & Northumberland","England","Q7065000",""
"Peterlee & Horden RFC",7,"Counties 1 Durham & Northumberland","England","Q5902949",""
"Ponteland RFC",7,"Counties 1 Durham & Northumberland","England","",""
"Redcar RUFC",7,"Counties 1 Durham & Northumberland","England","Q7305540",""
"Ryton RFC",7,"Counties 1 Durham & Northumberland","England","",""
"Seghill RFC",7,"Counties 1 Durham & Northumberland","England","Q39059245",""
"South Shields Westoe RFC",7,"Counties 1 Durham & Northumberland","England","Q7989340",""
"Sunderland RFC",7,"Counties 1 Durham & Northumberland","England","",""
"Whitley Bay Rockcliff RFC",7,"Counties 1 Durham & Northumberland","England","Q39049526",""
"Cantabrigian",7,"Counties 1 Eastern Counties","England","",""
"Diss RFC",7,"Counties 1 Eastern Counties","England","Q5282734",""
"Ely RFC",7,"Counties 1 Eastern Counties","England","",""
"Ipswich RFC",7,"Counties 1 Eastern Counties","England","",""
"Newmarket RFC",7,"Counties 1 Eastern Counties","England","",""
"North Walsham RFC",7,"Counties 1 Eastern Counties","England","Q7057178",""
"Norwich RFC",7,"Counties 1 Eastern Counties","England","",""
"Romford and Gidea Park Rugby Club",7,"Counties 1 Eastern Counties","England","Q7363197",""
"Saffron Walden RFC",7,"Counties 1 Eastern Counties","England","",""
"Southwold RFC",7,"Counties 1 Eastern Counties","England","",""
"Basildon RFC",7,"Counties 1 Essex","England","",""
"Braintree RFC",7,"Counties 1 Essex","England","",""
"Burnham-on-Crouch RFC",7,"Counties 1 Essex","England","",""
"Campion RFC",7,"Counties 1 Essex","England","",""
"Chingford RFC",7,"Counties 1 Essex","England","Q55607449",""
"East London RFC",7,"Counties 1 Essex","England","",""
"Epping Upper Clapton RFC",7,"Counties 1 Essex","England","",""
"Maldon RFC",7,"Counties 1 Essex","England","",""
"Mavericks",7,"Counties 1 Essex","England","",""
"Old Cooperians",7,"Counties 1 Essex","England","",""
"Upminster RFC",7,"Counties 1 Essex","England","",""
"Basingstoke RFC",7,"Counties 1 Hampshire","England","Q4867519",""
"Bognor RFC",7,"Counties 1 Hampshire","England","",""
"Eastleigh RFC",7,"Counties 1 Hampshire","England","",""
"Ellingham & Ringwood RFC",7,"Counties 1 Hampshire","England","",""
"Gosport and Fareham RFC",7,"Counties 1 Hampshire","England","Q5587448",""
"Jersey RFC",7,"Counties 1 Hampshire","England","Q122380645",""
"New Milton & District RFC",7,"Counties 1 Hampshire","England","",""
"Portsmouth RFC",7,"Counties 1 Hampshire","England","Q7232493",""
"Sandown & Shanklin RFC",7,"Counties 1 Hampshire","England","",""
"Trojans Rugby Club",7,"Counties 1 Hampshire","England","Q7845132",""
"Brunel University",7,"Counties 1 Herts/Middlesex","England","",""
"Cheshunt RFC",7,"Counties 1 Herts/Middlesex","England","Q131360057",""
"Chiswick RFC",7,"Counties 1 Herts/Middlesex","England","",""
"Datchworth RFC",7,"Counties 1 Herts/Middlesex","England","",""
"Finchley RFC",7,"Counties 1 Herts/Middlesex","England","Q16992168",""
"Hackney RFC",7,"Counties 1 Herts/Middlesex","England","Q5637375",""
"Hitchin Rugby Club",7,"Counties 1 Herts/Middlesex","England","Q5871837",""
"Old Streetonians",7,"Counties 1 Herts/Middlesex","England","",""
"Ruislip RFC",7,"Counties 1 Herts/Middlesex","England","",""
"Tabard RFC",7,"Counties 1 Herts/Middlesex","England","Q65051787",""
"Welwyn RFC",7,"Counties 1 Herts/Middlesex","England","Q7982151",""
"Ashford RFC",7,"Counties 1 Kent","England","Q131470654",""
"Beccehamian RFC",7,"Counties 1 Kent","England","Q111994855",""
"Bromley RFC",7,"Counties 1 Kent","England","Q130554649",""
"Charlton Park RFC",7,"Counties 1 Kent","England","Q5086325",""
"Cranbrook RFC",7,"Counties 1 Kent","England","Q96375642",""
"Crowborough RFC",7,"Counties 1 Kent","England","",""
"Deal & Betteshanger Rugby Club",7,"Counties 1 Kent","England","Q20711769",""
"Dover RFC",7,"Counties 1 Kent","England","","Q131663675"
"Heathfield & Waldron",7,"Counties 1 Kent","England","",""
"Old Alleynian FC",7,"Counties 1 Kent","England","Q16150147",""
"Park House FC",7,"Counties 1 Kent","England","Q115161839",""
"Thanet Wanderers",7,"Counties 1 Kent","England","Q60750576",""
"Birstall RFC",7,"Counties 1 Midlands East - North","England","Q4916981",""
"Boston RFC",7,"Counties 1 Midlands East - North","England","Q4948071","Q4948043"
"Kesteven RFC",7,"Counties 1 Midlands East - North","England","",""
"Lincoln RFC",7,"Counties 1 Midlands East - North","England","",""
"Long Eaton RFC",7,"Counties 1 Midlands East - North","England","Q28402763",""
"Loughborough RFC",7,"Counties 1 Midlands East - North","England","Q6686168",""
"Manor Park RFC",7,"Counties 1 Midlands East - North","England","",""
"Mansfield Rugby Club",7,"Counties 1 Midlands East - North","England","Q6751679",""
"Market Rasen & Louth RFC",7,"Counties 1 Midlands East - North","England","",""
"Nottingham Moderns RFC",7,"Counties 1 Midlands East - North","England","Q7063672",""
"Nuneaton Old Edwardians",7,"Counties 1 Midlands East - North","England","",""
"Southwell RFC",7,"Counties 1 Midlands East - North","England","",""
"Biggleswade RUFC",7,"Counties 1 Midlands East - South","England","Q4906932",""
"Bourne RFC",7,"Counties 1 Midlands East - South","England","",""
"Bugbrooke RFC",7,"Counties 1 Midlands East - South","England","",""
"Dunstablians RUFC",7,"Counties 1 Midlands East - South","England","Q5315713",""
"Leighton Buzzard RFC",7,"Counties 1 Midlands East - South","England","Q6519742",""
"Luton RFC",7,"Counties 1 Midlands East - South","England","Q16997117",""
"Newbold-on-Avon RFC",7,"Counties 1 Midlands East - South","England","Q39046789",""
"Old Laurentians",7,"Counties 1 Midlands East - South","England","Q130479332",""
"Peterborough Lions RFC",7,"Counties 1 Midlands East - South","England","Q18127286",""
"Spalding RFC",7,"Counties 1 Midlands East - South","England","",""
"Stamford RFC",7,"Counties 1 Midlands East - South","England","",""
"Stewarts & Lloyds RFC",7,"Counties 1 Midlands East - South","England","",""
"Vipers RFC",7,"Counties 1 Midlands East - South","England","",""
"Burntwood Barbarians",7,"Counties 1 Midlands West - North","England","Q5000259",""
"Kidderminster Carolians",7,"Counties 1 Midlands West - North","England","",""
"Longton RUFC",7,"Counties 1 Midlands West - North","England","Q6674363",""
"Newcastle Staffs",7,"Counties 1 Midlands West - North","England","",""
"Newport Salop RUFC",7,"Counties 1 Midlands West - North","England","Q7018743",""
"Shrewsbury RFC",7,"Counties 1 Midlands West - North","England","",""
"Spartans",7,"Counties 1 Midlands West - North","England","",""
"Sutton Coldfield RFC",7,"Counties 1 Midlands West - North","England","Q7650230",""
"Telford Hornets",7,"Counties 1 Midlands West - North","England","",""
"Uttoxeter RFC",7,"Counties 1 Midlands West - North","England","Q7903454",""
"Veseyans",7,"Counties 1 Midlands West - North","England","",""
"Willenhall RFC",7,"Counties 1 Midlands West - North","England","",""
"Alcester RFC",7,"Counties 1 Midlands West - South","England","",""
"Barkers Butts RFC",7,"Counties 1 Midlands West - South","England","Q85745453",""
"Berkswell & Balsall RFC",7,"Counties 1 Midlands West - South","England","",""
"Camp Hill RFC",7,"Counties 1 Midlands West - South","England","Q124755575",""
"Droitwich RFC",7,"Counties 1 Midlands West - South","England","Q39059173",""
"Evesham RFC",7,"Counties 1 Midlands West - South","England","",""
"Leamington Royals",7,"Counties 1 Midlands West - South","England","","Q6509415"
"Old Coventrians",7,"Counties 1 Midlands West - South","England","",""
"Old Leamingtonians",7,"Counties 1 Midlands West - South","England","Q125698178",""
"Silhillians RUFC",7,"Counties 1 Midlands West - South","England","Q7514876",""
"Worcester Wanderers",7,"Counties 1 Midlands West - South","England","Q17022509",""
"Bicester RUFC",7,"Counties 1 Southern North","England","Q4903586",""
"Bletchley RUFC",7,"Counties 1 Southern North","England","Q17985960",""
"Buckingham RFC",7,"Counties 1 Southern North","England","",""
"Grove RFC",7,"Counties 1 Southern North","England","",""
"High Wycombe RFC",7,"Counties 1 Southern North","England","Q65051741",""
"Milton Keynes RUFC",7,"Counties 1 Southern North","England","Q18126939",""
"Reading Abbey RFC",7,"Counties 1 Southern North","England","Q7300463",""
"Reading RFC",7,"Counties 1 Southern North","England","Q7300545",""
"Wallingford RFC",7,"Counties 1 Southern North","England","",""
"Windsor Lancers Rugby",7,"Counties 1 Southern North","England","Q8024646",""
"Combe Down RFC",7,"Counties 1 Southern South","England","Q25063223",""
"Corsham RFC",7,"Counties 1 Southern South","England","",""
"Devizes RFC",7,"Counties 1 Southern South","England","Q131663059",""
"Dorchester RFC",7,"Counties 1 Southern South","England","Q5297620",""
"Frome RFC",7,"Counties 1 Southern South","England","",""
"Melksham RFC",7,"Counties 1 Southern South","England","",""
"Royal Wootton Bassett RFC",7,"Counties 1 Southern South","England","Q124842500",""
"Salisbury RFC",7,"Counties 1 Southern South","England","Q27963262",""
"Sherborne RFC",7,"Counties 1 Southern South","England","Q7494732",""
"Swanage & Wareham RFC",7,"Counties 1 Southern South","England","",""
"Walcot RFC",7,"Counties 1 Southern South","England","",""
"Cobham RFC",7,"Counties 1 Surrey/Sussex","England","Q5138892",""
"East Grinstead RFC",7,"Counties 1 Surrey/Sussex","England","Q16989264",""
"Eastbourne RFC",7,"Counties 1 Surrey/Sussex","England","",""
"Haywards Heath RFC",7,"Counties 1 Surrey/Sussex","England","Q5687394",""
"Hove Rugby Club",7,"Counties 1 Surrey/Sussex","England","Q16994364",""
"KCS Old Boys RFC",7,"Counties 1 Surrey/Sussex","England","Q130651141",""
"London Cornish RFC",7,"Counties 1 Surrey/Sussex","England","Q6670288",""
"Old Haileyburians",7,"Counties 1 Surrey/Sussex","England","",""
"Old Rutlishians",7,"Counties 1 Surrey/Sussex","England","",""
"Trinity RFC",7,"Counties 1 Surrey/Sussex","England","",""
"Twickenham RFC",7,"Counties 1 Surrey/Sussex","England","",""
"Weybridge Vandals",7,"Counties 1 Surrey/Sussex","England","",""
"Avonmouth Old Boys RFC",7,"Counties 1 Western North","England","Q4829353",""
"Bridgwater & Albion RFC",7,"Counties 1 Western North","England","Q4966914",""
"Burnham-on-Sea",7,"Counties 1 Western North","England","Q126924133",""
"Chosen Hill Former Pupils",7,"Counties 1 Western North","England","",""
"Cirencester RFC",7,"Counties 1 Western North","England","Q22097709",""
"Cleve RFC",7,"Counties 1 Western North","England","Q5132009",""
"Coney Hill RFC",7,"Counties 1 Western North","England","Q5159581",""
"Gordon League",7,"Counties 1 Western North","England","",""
"Nailsea & Backwell RFC",7,"Counties 1 Western North","England","",""
"Old Bristolians RFC",7,"Counties 1 Western North","England","Q20878188",""
"Bideford RFC",7,"Counties 1 Western West","England","Q30074683",""
"Bude RFC",7,"Counties 1 Western West","England","Q29379006",""
"Chard RFC",7,"Counties 1 Western West","England","Q17986381",""
"Falmouth RFC",7,"Counties 1 Western West","England","Q5432599",""
"Kingsbridge RFC",7,"Counties 1 Western West","England","",""
"Paignton RFC",7,"Counties 1 Western West","England","Q17016156",""
"Penryn RFC",7,"Counties 1 Western West","England","Q29379004",""
"Pirates Amateurs",7,"Counties 1 Western West","England","",""
"Plymstock Albion Oaks RFC",7,"Counties 1 Western West","England","",""
"St Ives RFC",7,"Counties 1 Western West","England","Q45319371",""
"Tavistock RFC",7,"Counties 1 Western West","England","",""
"Wiveliscombe RFC",7,"Counties 1 Western West","England","",""
"Beverley RUFC",7,"Counties 1 Yorkshire","England","Q4899430","Q131471563"
"Bradford & Bingley RFC",7,"Counties 1 Yorkshire","England","Q4954569",""
"Bridlington RFC",7,"Counties 1 Yorkshire","England","",""
"Harrogate Pythons",7,"Counties 1 Yorkshire","England","",""
"Hullensians",7,"Counties 1 Yorkshire","England","",""
"Keighley RUFC",7,"Counties 1 Yorkshire","England","Q6383589",""
"Leodiensian",7,"Counties 1 Yorkshire","England","",""
"North Ribblesdale RFC",7,"Counties 1 Yorkshire","England","",""
"Old Rishworthians",7,"Counties 1 Yorkshire","England","",""
"Pocklington RUFC",7,"Counties 1 Yorkshire","England","Q7206470",""
"Wath-upon-Dearne RFC",7,"Counties 1 Yorkshire","England","",""
"Wensleydale RFC",7,"Counties 1 Yorkshire","England","",""
"West Leeds",7,"Counties 1 Yorkshire","England","",""
"Hoylake RFC",8,"Counties 2 ADM Lancashire & Cheshire","England","",""
"Leigh RFC",8,"Counties 2 ADM Lancashire & Cheshire","England","",""
"Littleborough RFC",8,"Counties 2 ADM Lancashire & Cheshire","England","",""
"Liverpool Collegiate RFC",8,"Counties 2 ADM Lancashire & Cheshire","England","",""
"Oldham RFC",8,"Counties 2 ADM Lancashire & Cheshire","England","",""
"Orrell RUFC",8,"Counties 2 ADM Lancashire & Cheshire","England","Q3356673",""
"Thornton-Cleveleys RFC",8,"Counties 2 ADM Lancashire & Cheshire","England","",""
"Tyldesley RFC",8,"Counties 2 ADM Lancashire & Cheshire","England","",""
"Warrington RFC",8,"Counties 2 ADM Lancashire & Cheshire","England","",""
"Wigan RUFC",8,"Counties 2 ADM Lancashire & Cheshire","England","Q7999546",""
"Bodmin RFC",8,"Counties 2 Cornwall","England","",""
"Hayle RFC",8,"Counties 2 Cornwall","England","",""
"Helston RFC",8,"Counties 2 Cornwall","England","Q5710580",""
"Liskeard-Looe RFC",8,"Counties 2 Cornwall","England","",""
"Newquay Hornets RFC",8,"Counties 2 Cornwall","England","",""
"Perranporth RFC",8,"Counties 2 Cornwall","England","",""
"Saltash RFC",8,"Counties 2 Cornwall","England","",""
"St Just RFC",8,"Counties 2 Cornwall","England","",""
"Veor RFC",8,"Counties 2 Cornwall","England","Q7920692",""
"Dartmouth Rugby",8,"Counties 2 Devon","England","Q16989138","Q131661654"
"Exeter Saracens",8,"Counties 2 Devon","England","",""
"Honiton RFC",8,"Counties 2 Devon","England","",""
"North Tawton RFC",8,"Counties 2 Devon","England","",""
"Old Plymothian & Mannamedian RFC",8,"Counties 2 Devon","England","",""
"Plymouth Argaum RFC",8,"Counties 2 Devon","England","",""
"South Molton RFC",8,"Counties 2 Devon","England","",""
"Torquay Athletic RFC",8,"Counties 2 Devon","England","Q30074676",""
"Withycombe RFC",8,"Counties 2 Devon","England","Q127271313",""
"Calne RFC",8,"Counties 2 Dorset & Wilts North","England","",""
"Minety RFC",8,"Counties 2 Dorset & Wilts North","England","",""
"Sutton Benger RFC",8,"Counties 2 Dorset & Wilts North","England","",""
"Warminster RFC",8,"Counties 2 Dorset & Wilts North","England","",""
"Westbury RFC",8,"Counties 2 Dorset & Wilts North","England","",""
"Blandford RFC",8,"Counties 2 Dorset & Wilts South","England","",""
"Bridport RFC",8,"Counties 2 Dorset & Wilts South","England","",""
"East Dorset Dockers",8,"Counties 2 Dorset & Wilts South","England","",""
"Oakmeadians",8,"Counties 2 Dorset & Wilts South","England","",""
"Puddletown RFC",8,"Counties 2 Dorset & Wilts South","England","",""
"Weymouth & Portland RFC",8,"Counties 2 Dorset & Wilts South","England","",""
"Ashington RFC",8,"Counties 2 Durham & Northumberland","England","",""
"Barnard Castle RFC",8,"Counties 2 Durham & Northumberland","England","",""
"Blyth RFC",8,"Counties 2 Durham & Northumberland","England","",""
"DMP Elizabethans",8,"Counties 2 Durham & Northumberland","England","",""
"Durham University Rugby Football Club",8,"Counties 2 Durham & Northumberland","England","Q55137026",""
"Gateshead RFC",8,"Counties 2 Durham & Northumberland","England","",""
"Gosforth RFC",8,"Counties 2 Durham & Northumberland","England","Q5587214",""
"Houghton RFC",8,"Counties 2 Durham & Northumberland","England","",""
"North Shields RFC",8,"Counties 2 Durham & Northumberland","England","",""
"Sedgefield RFC",8,"Counties 2 Durham & Northumberland","England","",""
"Wallsend RUFC",8,"Counties 2 Durham & Northumberland","England","Q23018837",""
"Crusaders RFC",8,"Counties 2 Eastern Counties","England","",""
"Fakenham RFC",8,"Counties 2 Eastern Counties","England","Q131697393",""
"Ipswich YM",8,"Counties 2 Eastern Counties","England","",""
"March Bears",8,"Counties 2 Eastern Counties","England","",""
"Mersea Island RFC",8,"Counties 2 Eastern Counties","England","",""
"Mistley RFC",8,"Counties 2 Eastern Counties","England","",""
"Thurston RFC",8,"Counties 2 Eastern Counties","England","",""
"West Norfolk RFC",8,"Counties 2 Eastern Counties","England","",""
"Wisbech RFC",8,"Counties 2 Eastern Counties","England","",""
"Woodbridge RFC",8,"Counties 2 Eastern Counties","England","",""
"Barking RFC",8,"Counties 2 Essex","England","Q4861045",""
"Billericay RFC",8,"Counties 2 Essex","England","Q16951730",""
"Canvey Island RFC",8,"Counties 2 Essex","England","",""
"Clacton RFC",8,"Counties 2 Essex","England","",""
"Harwich & Dovercourt RFC",8,"Counties 2 Essex","England","",""
"Kelvedon & Feering RFC",8,"Counties 2 Essex","England","",""
"Kings Cross Steelers",8,"Counties 2 Essex","England","Q6412901",""
"Millwall RC",8,"Counties 2 Essex","England","Q6860130",""
"Old Brentwoods RFC",8,"Counties 2 Essex","England","",""
"South Woodham Ferrers",8,"Counties 2 Essex","England","",""
"Stanford-le-Hope RFC",8,"Counties 2 Essex","England","",""
"Witham RFC",8,"Counties 2 Essex","England","",""
"Writtle Wanderers",8,"Counties 2 Essex","England","",""
"Fareham Heathens",8,"Counties 2 Hampshire","England","",""
"Fordingbridge RFC",8,"Counties 2 Hampshire","England","",""
"Isle Of Wight RFC",8,"Counties 2 Hampshire","England","",""
"Locksheath Pumas",8,"Counties 2 Hampshire","England","",""
"Millbrook RFC",8,"Counties 2 Hampshire","England","",""
"United Services Portsmouth RFC",8,"Counties 2 Hampshire","England","Q7889135",""
"Barnet Elizabethans",8,"Counties 2 Herts/Middlesex","England","",""
"Enfield Ignatians",8,"Counties 2 Herts/Middlesex","England","",""
"Hampstead RFC",8,"Counties 2 Herts/Middlesex","England","",""
"Harrow RFC",8,"Counties 2 Herts/Middlesex","England","Q5666580",""
"Old Merchant Taylors' FC",8,"Counties 2 Herts/Middlesex","England","Q7084508",""
"Old Millhillians",8,"Counties 2 Herts/Middlesex","England","",""
"Saracens Amateurs",8,"Counties 2 Herts/Middlesex","England","",""
"St Albans RFC",8,"Counties 2 Herts/Middlesex","England","Q7592279",""
"UCS Old Boys",8,"Counties 2 Herts/Middlesex","England","",""
"Verulamians",8,"Counties 2 Herts/Middlesex","England","",""
"Wasps FC",8,"Counties 2 Herts/Middlesex","England","Q7972726","Q7972728; Q1150127"
"Aylesford Bulls",8,"Counties 2 Kent","England","",""
"Dartford Valley RFC",8,"Counties 2 Kent","England","",""
"Folkestone RFC",8,"Counties 2 Kent","England","",""
"Gillingham Anchorians RC",8,"Counties 2 Kent","England","Q130437904",""
"Maidstone FC",8,"Counties 2 Kent","England","Q6735518",""
"Old Elthamians",8,"Counties 2 Kent","England","Q7083906",""
"Vigo RC",8,"Counties 2 Kent","England","","Q601366"
"Ashbourne RFC",8,"Counties 2 Midlands East - North","England","","Q4804630"
"Ashby RFC",8,"Counties 2 Midlands East - North","England","",""
"Ashfield RFC",8,"Counties 2 Midlands East - North","England","",""
"Gainsborough RFC",8,"Counties 2 Midlands East - North","England","",""
"Grimsby RUFC",8,"Counties 2 Midlands East - North","England","Q28403560",""
"Keyworth RFC",8,"Counties 2 Midlands East - North","England","Q6398564",""
"Mosborough RFC",8,"Counties 2 Midlands East - North","England","",""
"Nottingham Casuals",8,"Counties 2 Midlands East - North","England","",""
"Rolls-Royce RFC",8,"Counties 2 Midlands East - North","England","Q7361347",""
"Brackley RUFC",8,"Counties 2 Midlands East - South","England","Q131515571",""
"Huntingdon & District RFC",8,"Counties 2 Midlands East - South","England","",""
"Long Buckby RFC",8,"Counties 2 Midlands East - South","England","",""
"Northampton BBOB",8,"Counties 2 Midlands East - South","England","",""
"Northampton Casuals",8,"Counties 2 Midlands East - South","England","",""
"Oakham RFC",8,"Counties 2 Midlands East - South","England","",""
"Rugby St Andrews",8,"Counties 2 Midlands East - South","England","",""
"Rushden & Higham RFC",8,"Counties 2 Midlands East - South","England","",""
"St Neots RUFC",8,"Counties 2 Midlands East - South","England","Q7594909",""
"Aston Old Edwardians",8,"Counties 2 Midlands West - East","England","",""
"Birmingham & Solihull RFC",8,"Counties 2 Midlands West - East","England","Q2904530",""
"Claverdon RFC",8,"Counties 2 Midlands West - East","England","",""
"Coalville RFC",8,"Counties 2 Midlands West - East","England","",""
"Coventry Welsh",8,"Counties 2 Midlands West - East","England","",""
"Earlsdon RFC",8,"Counties 2 Midlands West - East","England","",""
"Harbury RFC",8,"Counties 2 Midlands West - East","England","",""
"Old Wheatleyans RFC",8,"Counties 2 Midlands West - East","England","Q7085412",""
"Southam RFC",8,"Counties 2 Midlands West - East","England","",""
"Stoke Old Boys",8,"Counties 2 Midlands West - East","England","",""
"Bridgnorth Bulls",8,"Counties 2 Midlands West - West","England","",""
"Bromyard RFC",8,"Counties 2 Midlands West - West","England","",""
"Clee Hill RFC",8,"Counties 2 Midlands West - West","England","",""
"Handsworth RUFC",8,"Counties 2 Midlands West - West","England","Q5647680",""
"Harborne RFC",8,"Counties 2 Midlands West - West","England","",""
"Market Drayton RFC",8,"Counties 2 Midlands West - West","England","",""
"Oswestry RFC",8,"Counties 2 Midlands West - West","England","",""
"Stourbridge Lions",8,"Counties 2 Midlands West - West","England","",""
"Tenbury RFC",8,"Counties 2 Midlands West - West","England","",""
"Trentham RFC",8,"Counties 2 Midlands West - West","England","",""
"Wednesbury RUFC",8,"Counties 2 Midlands West - West","England","Q7979220",""
"Avon RFC",8,"Counties 2 Somerset","England","",""
"Clevedon RFC",8,"Counties 2 Somerset","England","",""
"Imperial Medicals RC",8,"Counties 2 Somerset","England","Q6006755",""
"Midsomer Norton RFC",8,"Counties 2 Somerset","England","",""
"Minehead Barbarians",8,"Counties 2 Somerset","England","",""
"Oldfield Old Boys",8,"Counties 2 Somerset","England","",""
"Rebels RFC",8,"Counties 2 Somerset","England","",""
"St Bernadettes Old Boys",8,"Counties 2 Somerset","England","",""
"Stothert & Pitt RFC",8,"Counties 2 Somerset","England","Q30672221",""
"Wells RFC",8,"Counties 2 Somerset","England","",""
"Bec Old Boys",8,"Counties 2 Surrey","England","",""
"Chipstead RFC",8,"Counties 2 Surrey","England","",""
"Croydon RFC",8,"Counties 2 Surrey","England","Q5189693",""
"Kingston RFC",8,"Counties 2 Surrey","England","Q124462420",""
"Metropolitan Police RFC",8,"Counties 2 Surrey","England","",""
"Old Amplefordians",8,"Counties 2 Surrey","England","",""
"Old Blues RFC",8,"Counties 2 Surrey","England","Q7083494","Q21093779"
"Old Caterhamians",8,"Counties 2 Surrey","England","",""
"Old Cranleighan",8,"Counties 2 Surrey","England","",""
"Old Walcountians",8,"Counties 2 Surrey","England","",""
"Old Whitgiftian",8,"Counties 2 Surrey","England","Q124749935",""
"Old Wimbledonians",8,"Counties 2 Surrey","England","",""
"Purley John Fisher RFC",8,"Counties 2 Surrey","England","",""
"Streatham-Croydon RFC",8,"Counties 2 Surrey","England","Q7622727",""
"Burgess Hill RFC",8,"Counties 2 Sussex","England","Q4998591",""
"Crawley RFC",8,"Counties 2 Sussex","England","Q5182986",""
"Ditchling RFC",8,"Counties 2 Sussex","England","",""
"Lewes RFC",8,"Counties 2 Sussex","England","Q6536140",""
"Pulborough RFC",8,"Counties 2 Sussex","England","",""
"Seaford RFC",8,"Counties 2 Sussex","England","Q7440391",""
"Shoreham RFC",8,"Counties 2 Sussex","England","",""
"Uckfield RFC",8,"Counties 2 Sussex","England","",""
"Baildon RFC",8,"Counties 2 Yorkshire","England","",""
"Bramley Phoenix",8,"Counties 2 Yorkshire","England","",""
"Dinnington RFC",8,"Counties 2 Yorkshire","England","Q131662484",""
"Halifax Vandals RUFC",8,"Counties 2 Yorkshire","England","Q122639340",""
"Hemsworth RFC",8,"Counties 2 Yorkshire","England","",""
"Huddersfield Laund Hill RFC",8,"Counties 2 Yorkshire","England","",""
"Northallerton RFC",8,"Counties 2 Yorkshire","England","",""
"Ossett RFC",8,"Counties 2 Yorkshire","England","",""
"Ripon RUFC",8,"Counties 2 Yorkshire","England","Q7335676",""
"Roundhegians",8,"Counties 2 Yorkshire","England","",""
"Yarnbury RFC",8,"Counties 2 Yorkshire","England","",""
"Ashton-under-Lyne RFC",9,"Counties 3 ADM Lancashire & Cheshire","England","",""
"Blackpool RFC",9,"Counties 3 ADM Lancashire & Cheshire","England","",""
"Burnley RUFC",9,"Counties 3 ADM Lancashire & Cheshire","England","Q5000020",""
"Clitheroe RFC",9,"Counties 3 ADM Lancashire & Cheshire","England","",""
"Colne & Nelson RFC",9,"Counties 3 ADM Lancashire & Cheshire","England","",""
"De La Salle Salford RFC",9,"Counties 3 ADM Lancashire & Cheshire","England","",""
"Dukinfield RFC",9,"Counties 3 ADM Lancashire & Cheshire","England","",""
"Fleetwood RFC",9,"Counties 3 ADM Lancashire & Cheshire","England","",""
"Garstang RFC",9,"Counties 3 ADM Lancashire & Cheshire","England","",""
"Old Bedians",9,"Counties 3 ADM Lancashire & Cheshire","England","",""
"Ormskirk RFC",9,"Counties 3 ADM Lancashire & Cheshire","England","",""
"Vagabonds RUFC",9,"Counties 3 ADM Lancashire & Cheshire","England","Q7908441",""
"Abingdon RFC",9,"Counties 3 Berks/Bucks & Oxon North","England","",""
"Chesham RFC",9,"Counties 3 Berks/Bucks & Oxon North","England","",""
"Crowthorne RFC",9,"Counties 3 Berks/Bucks & Oxon North","England","",""
"Hungerford RFC",9,"Counties 3 Berks/Bucks & Oxon North","England","",""
"Tadley Tigers",9,"Counties 3 Berks/Bucks & Oxon North","England","",""
"Aldermaston RFC",9,"Counties 3 Berks/Bucks & Oxon South","England","",""
"Chipping Norton RFC",9,"Counties 3 Berks/Bucks & Oxon South","England","",""
"Didcot RFC",9,"Counties 3 Berks/Bucks & Oxon South","England","Q131662100",""
"Slough RFC",9,"Counties 3 Berks/Bucks & Oxon South","England","",""
"Wheatley RFC",9,"Counties 3 Berks/Bucks & Oxon South","England","",""
"Camborne School of Mines",9,"Counties 3 Cornwall","England","",""
"Camelford RFC",9,"Counties 3 Cornwall","England","Q5025890",""
"Illogan Park RFC",9,"Counties 3 Cornwall","England","",""
"Lankelly-Fowey RFC",9,"Counties 3 Cornwall","England","",""
"Redruth Albany RFC",9,"Counties 3 Cornwall","England","",""
"Roseland RFC",9,"Counties 3 Cornwall","England","",""
"St Agnes RFC",9,"Counties 3 Cornwall","England","",""
"Colerne RFC",9,"Counties 3 Dorset & Wilts North","England","",""
"Cricklade RFC",9,"Counties 3 Dorset & Wilts North","England","",""
"Pewsey Vale RFC",9,"Counties 3 Dorset & Wilts North","England","",""
"Supermarine RFC",9,"Counties 3 Dorset & Wilts North","England","",""
"Christchurch RFC",9,"Counties 3 Dorset & Wilts South","England","",""
"Lytchett Minster RFC",9,"Counties 3 Dorset & Wilts South","England","",""
"Poole RFC",9,"Counties 3 Dorset & Wilts South","England","",""
"Jarrovians",9,"Counties 3 Durham & Northumberland","England","",""
"Newton Aycliffe RUFC",9,"Counties 3 Durham & Northumberland","England","Q104845428",""
"Prudhoe & Stocksfield RFC",9,"Counties 3 Durham & Northumberland","England","",""
"Seaham RFC",9,"Counties 3 Durham & Northumberland","England","",""
"Seaton Carew RFC",9,"Counties 3 Durham & Northumberland","England","",""
"Whitby RFC",9,"Counties 3 Durham & Northumberland","England","",""
"Winlaton Vulcans",9,"Counties 3 Durham & Northumberland","England","",""
"Yarm RFC",9,"Counties 3 Durham & Northumberland","England","",""
"Bredon Star RFC",9,"Counties 3 Gloucestershire North","England","",""
"Cheltenham Civil Service",9,"Counties 3 Gloucestershire North","England","",""
"Minchinhampton RFC",9,"Counties 3 Gloucestershire North","England","",""
"Norton RFC",9,"Counties 3 Gloucestershire North","England","",""
"Painswick RFC",9,"Counties 3 Gloucestershire North","England","",""
"Stroud RFC",9,"Counties 3 Gloucestershire North","England","",""
"Tewkesbury",9,"Counties 3 Gloucestershire North","England","",""
"Bishopston",9,"Counties 3 Gloucestershire South","England","",""
"Bristol Aeroplane Company",9,"Counties 3 Gloucestershire South","England","",""
"Broad Plain RFC",9,"Counties 3 Gloucestershire South","England","Q131515886",""
"Cotham Park RFC",9,"Counties 3 Gloucestershire South","England","",""
"Kingswood RFC",9,"Counties 3 Gloucestershire South","England","",""
"North Bristol RFC",9,"Counties 3 Gloucestershire South","England","",""
"Old Colstonians",9,"Counties 3 Gloucestershire South","England","",""
"Southmead RFC",9,"Counties 3 Gloucestershire South","England","",""
"Aldershot & Fleet RFC",9,"Counties 3 Hampshire","England","",""
"Overton RFC",9,"Counties 3 Hampshire","England","",""
"Romsey RFC",9,"Counties 3 Hampshire","England","",""
"Southampton RFC",9,"Counties 3 Hampshire","England","",""
"Ventnor RFC",9,"Counties 3 Hampshire","England","",""
"Actonians",9,"Counties 3 Herts/Middlesex","England","",""
"Chess Valley RFC",9,"Counties 3 Herts/Middlesex","England","Q5093311",""
"Finsbury Park RFC",9,"Counties 3 Herts/Middlesex","England","",""
"Kilburn Cosmos",9,"Counties 3 Herts/Middlesex","England","",""
"London French RFC",9,"Counties 3 Herts/Middlesex","England","Q16253642",""
"Mill Hill RFC",9,"Counties 3 Herts/Middlesex","England","",""
"Royston RFC",9,"Counties 3 Herts/Middlesex","England","",""
"Stevenage RFC",9,"Counties 3 Herts/Middlesex","England","",""
"Thamesians RFC",9,"Counties 3 Herts/Middlesex","England","",""
"Watford RFC",9,"Counties 3 Herts/Middlesex","England","",""
"Brockleians",9,"Counties 3 Kent","England","",""
"Footscray RUFC",9,"Counties 3 Kent","England","Q5466575",""
"Hastings & Bexhill RFC",9,"Counties 3 Kent","England","",""
"King's College Hospital RFC",9,"Counties 3 Kent","England","Q6410891",""
"New Ash Green RFC",9,"Counties 3 Kent","England","",""
"Old Dunstonians",9,"Counties 3 Kent","England","",""
"Old Gravesendians",9,"Counties 3 Kent","England","",""
"Sittingbourne RFC",9,"Counties 3 Kent","England","",""
"Whitstable RFC",9,"Counties 3 Kent","England","Q126896060",""
"Bingham RFC",9,"Counties 3 Midlands East - Central","England","",""
"Castle Donnington RFC",9,"Counties 3 Midlands East - Central","England","",""
"Leesbrook RFC",9,"Counties 3 Midlands East - Central","England","Q6516427",""
"Nottinghamians",9,"Counties 3 Midlands East - Central","England","Q17015680",""
"Cleethorpes RUFC",9,"Counties 3 Midlands East - North East","England","Q30643284",""
"East Retford RFC",9,"Counties 3 Midlands East - North East","England","",""
"Grimsby RFC",9,"Counties 3 Midlands East - North East","England","",""
"Meden Vale RFC",9,"Counties 3 Midlands East - North East","England","",""
"North Hykeham RFC",9,"Counties 3 Midlands East - North East","England","Q131515490",""
"Ollerton RFC",9,"Counties 3 Midlands East - North East","England","",""
"Skegness RFC",9,"Counties 3 Midlands East - North East","England","",""
"Sleaford RFC",9,"Counties 3 Midlands East - North East","England","",""
"Worksop RFC",9,"Counties 3 Midlands East - North East","England","",""
"Amber Valley RFC",9,"Counties 3 Midlands East - North West","England","",""
"Bakewell Mannerians",9,"Counties 3 Midlands East - North West","England","",""
"Belper RFC",9,"Counties 3 Midlands East - North West","England","",""
"Chesterfield Panthers RUFC",9,"Counties 3 Midlands East - North West","England","Q5093817",""
"Tupton RFC",9,"Counties 3 Midlands East - North West","England","",""
"Aylestone Athletic",9,"Counties 3 Midlands East - South","England","",""
"Bedford Queens RFC",9,"Counties 3 Midlands East - South","England","",""
"Deepings RFC",9,"Counties 3 Midlands East - South","England","",""
"Northampton Men's Own",9,"Counties 3 Midlands East - South","England","",""
"Rugby Lions",9,"Counties 3 Midlands East - South","England","Q3452837",""
"Rugby Welsh",9,"Counties 3 Midlands East - South","England","",""
"Sileby RFC",9,"Counties 3 Midlands East - South","England","",""
"South Leicester RFC",9,"Counties 3 Midlands East - South","England","Q7567806",""
"Stamford College Old Boys RFC",9,"Counties 3 Midlands East - South","England","",""
"Thorney RUFC",9,"Counties 3 Midlands East - South","England","Q7796402",""
"Atherstone RFC",9,"Counties 3 Midlands West - East","England","",""
"Bedworth RFC",9,"Counties 3 Midlands West - East","England","",""
"Nuneaton RFC",9,"Counties 3 Midlands West - East","England","Q7069804",""
"Pinley RFC",9,"Counties 3 Midlands West - East","England","",""
"Aldridge RFC",9,"Counties 3 Midlands West - North","England","",""
"Barton-under-Needwood RFC",9,"Counties 3 Midlands West - North","England","",""
"Cannock RFC",9,"Counties 3 Midlands West - North","England","",""
"Eccleshall RFC",9,"Counties 3 Midlands West - North","England","",""
"Essington RUFC",9,"Counties 3 Midlands West - North","England","Q5399918",""
"Rugeley RFC",9,"Counties 3 Midlands West - North","England","",""
"Stone RFC",9,"Counties 3 Midlands West - North","England","",""
"Yardley & District RFC",9,"Counties 3 Midlands West - North","England","Q8049284",""
"Cleobury Mortimer RFC",9,"Counties 3 Midlands West - South","England","",""
"Kings Norton RFC",9,"Counties 3 Midlands West - South","England","Q6412970",""
"Old Yardleians",9,"Counties 3 Midlands West - South","England","",""
"Pershore RFC",9,"Counties 3 Midlands West - South","England","",""
"Upton-upon-Severn RFC",9,"Counties 3 Midlands West - South","England","",""
"Woodrush RFC",9,"Counties 3 Midlands West - South","England","",""
"Bristol Barbarians",9,"Counties 3 Somerset North","England","",""
"Bristol Telephone Area RFC",9,"Counties 3 Somerset North","England","",""
"Castle Cary RFC",9,"Counties 3 Somerset South","England","",""
"Martock RFC",9,"Counties 3 Somerset South","England","",""
"Somerton RFC",9,"Counties 3 Somerset South","England","",""
"Wyvern RFC",9,"Counties 3 Somerset South","England","",""
"Economicals FRC",9,"Counties 3 Surrey","England","",""
"Effingham & Leatherhead FRC",9,"Counties 3 Surrey","England","",""
"Law Society FRC",9,"Counties 3 Surrey","England","",""
"London Exiles",9,"Counties 3 Surrey","England","",""
"London Media",9,"Counties 3 Surrey","England","",""
"Old Georgians",9,"Counties 3 Surrey","England","",""
"Old Hamptonians",9,"Counties 3 Surrey","England","",""
"Old Johnians",9,"Counties 3 Surrey","England","",""
"Warlingham FRC",9,"Counties 3 Surrey","England","",""
"Worth Old Boys",9,"Counties 3 Surrey","England","",""
"Barnsley RFC",9,"Counties 3 Yorkshire","England","",""
"Burley RFC",9,"Counties 3 Yorkshire","England","",""
"Castleford RFC",9,"Counties 3 Yorkshire","England","",""
"Halifax RUFC",9,"Counties 3 Yorkshire","England","Q5642223",""
"Leeds Corinthians",9,"Counties 3 Yorkshire","England","",""
"Old Otliensians",9,"Counties 3 Yorkshire","England","",""
"Rotherham Phoenix",9,"Counties 3 Yorkshire","England","",""
"Skipton RFC",9,"Counties 3 Yorkshire","England","",""
"Thirsk RFC",9,"Counties 3 Yorkshire","England","",""
"Thornensians",9,"Counties 3 Yorkshire","England","",""
"West Park Leeds RFC",9,"Counties 3 Yorkshire","England","",""
"Wheatley Hills RFC",9,"Counties 3 Yorkshire","England","",""
"Bristol Harlequins",10,"Counties 4 Somerset North","England","",""
"Old Culverhaysians",10,"Counties 4 Somerset North","England","",""
"Old Sulians",10,"Counties 4 Somerset North","England","",""
"Yatton RFC",10,"Counties 4 Somerset North","England","",""
"Cheddar Valley RFC",10,"Counties 4 Somerset South","England","",""
"Crewkerne RFC",10,"Counties 4 Somerset South","England","",""
"Huish Tigers",10,"Counties 4 Somerset South","England","",""
"Tor RFC",10,"Counties 4 Somerset South","England","",""
"Wincanton RFC",10,"Counties 4 Somerset South","England","",""
"Harlequin Amateurs",10,"Counties 4 Surrey","England","Q5658644",""
"Staines RFC",10,"Counties 4 Surrey","England","Q7597035",""
"Hessle RUFC",10,"Counties 4 Yorkshire","England","Q28403320",""
"Askeans RFC",11,"Counties 5 Kent","England","",""
"East Peckham & Paddock Wood RFC",11,"Counties 5 Kent","England","",""
"Greenwich RFC",11,"Counties 5 Kent","England","",""
"Lordswood RFC",11,"Counties 5 Kent","England","",""
"Egham Hollowegians",11,"Counties 5 Surrey","England","",""
"Feltham RFC",11,"Counties 5 Surrey","England","",""
"Guildfordians",11,"Counties 5 Surrey","England","Q126899209",""
"Merton RFC",11,"Counties 5 Surrey","England","",""
"Mitcham & Carshalton RFC",11,"Counties 5 Surrey","England","",""
"Raynes Park RFC",11,"Counties 5 Surrey","England","",""
"Wandsworthians",11,"Counties 5 Surrey","England","",""
"Woking RFC",11,"Counties 5 Surrey","England","",""
"Army Rugby Union",NA,NA,"England","Q4794237",""
"BAE Warton Rugby",NA,NA,"England","Q4834534",""
"Barts and The London RFC",NA,NA,"England","Q4865799",""
"Berry Hill RFC",NA,NA,"England","Q85746695",""
"Brighton & Hove Sea Serpents RFC",NA,NA,"England","Q28408132",""
"Bristol Bisons RFC",NA,NA,"England","Q4968805",""
"Broughton RUFC",NA,NA,"England","Q4975839",""
"Cambridge University RUFC",NA,NA,"England","Q2934697",""
"Chorley RUFC",NA,NA,"England","Q5105169",""
"Guy's Kings and St Thomas' RFC",NA,NA,"England","Q3121447",""
"Haringey Rhinos RFC",NA,NA,"England","Q18126005",""
"Huddersfield YMCA RUFC",NA,NA,"England","Q18126131",""
"Lincoln Lions",NA,NA,"England","Q6550823",""
"London New Zealand RFC",NA,NA,"England","Q51593358",""
"Manchester Medics RUFC",NA,NA,"England","Q25220990",""
"Manchester Village Spartans RUFC",NA,NA,"England","Q18126721",""
"Moseley Wanderers",NA,NA,"England","Q6915621",""
"Newcastle Ravens",NA,NA,"England","Q7017465",""
"Nomads RFC",NA,NA,"England","Q7048435","Q7048433"
"North Manchester RUFC",NA,NA,"England","Q7056038",""
"Northolt RFC",NA,NA,"England","Q7059592",""
"Oxford Brookes University RFC",NA,NA,"England","Q96397933",""
"Oxford University RFC",NA,NA,"England","Q3359056",""
"Royal Free University College and Middlesex Medical Students RFC",NA,NA,"England","Q7374194",""
"St. George's Hospital Medical School RFC",NA,NA,"England","Q7588145",""
"Thomas Cook's Rugby Club",NA,NA,"England","Q17020391",""
"University of Birmingham Medical School RFC",NA,NA,"England","Q85847905",""
"Verwood RUFC",NA,NA,"England","Q7923034",""
"Warwickian RUFC",NA,NA,"England","Q17021567",""
