"wpName","fusName","rugbyscopeId","teamWP"
"Manuel Belgrano","Club Manuel Belgrano; Manuel Belgrano; azulgrana; Asociación Civil Club Manuel Belgrano","1114",NA
"Stoke RFC","Stoke Rugby Club","6024",NA
"US Lalinde","US Lalinde","4771",NA
"Abercrave RFC","Abercrave RFC; Abercrave Rugby Football Club","891",NA
"Suva Highlanders","Suva Highlanders; スバ・ハイランダーズ","1856",NA
"Heidelberg","Heidelberg","6714",NA
"Exmouth RFC","Exmouth RFC; Exmouth RFC Rugby; Exmouth RFC Rugby Club; Exmouth Rugby; Exmouth Rugby Team; Cockles; Exmouth; Exmouth Rugby Football Club","1227",NA
"Horsham RUFC","Horsham Rugby Club","3174",NA
"Mountain Ash RFC","Mountain Ash RFC; the Old Firm; Mountain Ash Rugby Football Club","1534",NA
"Farnham RUFC","Farnham RFC","4033",NA
"Silverdale","Silverdale RC","5870",NA
"Tyldesley","Tyldesley RFC","4164",NA
"Fylde","Fylde Rugby Club; Fylde Rugby; Fylde / #runitfylde; Fylde Rugby Football Club","1251",NA
"CUS Milano Rugby","CUS Milano Rugby","801",NA
"Edinburgh Wanderers","Edinburgh Wanderers; Edinburgh Wanderers Football Club","2547",NA
"Avezzano Rugby","Avezzano Rugby; Avezzano Rugby s.r.l. S.S.D; Avezzano Rugby Società Sportiva Dilettantistica; Avezzano Rugby SSD","857",NA
"RC pays de Roquefort","Rugby Club pays de Roquefort; RCP Roquefort; RCPR","2974",NA
"Rugby club Ordon","RC Ordon","5196",NA
"CO Berre XV","CO Berre XV; Club Olympique Berre XV","3094",NA
"Altrincham Kersal","Altrincham Kersal; Altrincham Kersal Rugby Football Club","903",NA
"North of Ireland FC","North of Ireland F.C.; North of Ireland FC; North of Ireland Football Club","1586",NA
"AL Echirolles","Amicale Laique Echirolles","4846",NA
"Etoile sportive Lembeye","ES Lembeye","4747",NA
"Rugby Sannio","Unione Rugby Sannio; Rugby Sannio","1336",NA
"Arechi Rugby","Arechi Rugby","5515",NA
"Blaenavon RFC","Blaenavon RFC; Blaenavon Rugby Football Club","984",NA
"Rugby Casale","Rugby Casale; ASD Rugby Casale","785",NA
"Burnside","Burnside RUFC","3629",NA
"SA Vierzon","SA Vierzon","4541",NA
"CS Clichy","CS Clichy; CSクリシー","4563",NA
"US Cublac Terrasson","Union Sportive Cublac Terrasson","4765",NA
"Gabardan AS","Gabardan AS","5318",NA
"Holt RFC","Holt RFC","3992",NA
"Sheffield Tigers","Sheffield Tigers RUFC; Sheffield Tigers; Sheffield Tigers Club; Sheffield Tigers Rugby; Sheffield Tigers Rugby Club; Sheffield Tigers Rugby Football Club; Sheffield Tigers Rugby Football Team; Sheffield Tigers Rugby Union Football Club","1800",NA
"South Leicester RFC","South Leicester RFC; South Leicester Rugby; South Leicester Rugby Club; South Leicester Rugby Football Club; South Leicester Rugby Team","1812",NA
"Bourges XV","Bourges XV","3120",NA
"Lautoka","Lautoka; ラウトカ","4444",NA
"Old Boys University","Old Boys University","1602",NA
"Tondu RFC","Tondu RFC; The Waterwheelers; Tondu Rugby Football Club","1887",NA
"Banco Nacion","Club Banco Nación; CABNA; Club Atletico Banco de la Nacion Argentina; Banco Nacion; Club Atlético Banco de la Nación Argentina; Banco Nación","426",NA
"Tullow RFC","Tullow RFC; Tullow; Tullow Rugby Club","1905",NA
"Cefneithin RFC","Cefneithin RFC; Cefneithin Rugby Football Club; Yr ‘eithin","1069",NA
"Morriston RFC","Morriston RFC; Monkeys","1532",NA
"UR Prato Sesto","Cavalieri Union Rugby; Cavalieri Union Rugby Prato Sesto; Unione Prato Sesto; Unione Rugby Prato Sesto","2429",NA
"ES Viry Chatillon","Viry-Châtillon Rugby Club; ES Viry-Châtillon; Viry RC; Viry Rugby Club; Viry-Châtillon RC; Entente sportive de Viry-Châtillon - Rugby; ES Viry-Châtillon - Rugby","3133",NA
"Fylde RC","Fylde Rugby Club; Fylde Rugby; Fylde / #runitfylde; Fylde Rugby Football Club","1251",NA
"Blackpool","Blackpool RFC","4292",NA
"Solliès-Pont","RC de la Vallée du Gapeau; Solliès-Pont; ソリエス＝ポン","4613",NA
"Rugby Livourne","Rugby Livorno 1931; Rugby Livorno; Rugby Livourne; リヴォルノ; ラグビーリヴォルノ1931","847",NA
"SC Rieumes","SC Rieumes","4484",NA
"Los Angeles AC","Rugby Football Club Los Angeles; RFCLA","3159",NA
"North of Ireland","North of Ireland F.C.; North of Ireland FC; North of Ireland Football Club","1586",NA
"Bruff RFC","Bruff R.F.C.; Bruff RFC","1018",NA
"Kidwelly RFC","Kidwelly RFC; Kidwelly Rugby Football Club; Black and Ambers","1407",NA
"Castelnaudary","Rugby Olympique Castelnaudary; RO Castelnaudary","3123",NA
"RC Saint-Sulpice","RC Saint-Sulpice","4626",NA
"Canterbury RFC","Canterbury RFC; Canterbury Football Club; Canterbury RFC Rugby; Canterbury Rugby; Canterbury Rugby Club; Canterbury Rugby Team; Foxes; Canterbury Rugby Football Club","1057",NA
"JS illibérienne","JS Illibérienne","4620",NA
"Rugby Noceto FC","Rugby Noceto Football Club; Rugby Noceto FC","846",NA
"London French","London French RFC; London French; London French Rugby Football Club","2176",NA
"Skewen RFC","Skewen RFC; Skewen Rugby Football Club","1806",NA
"Pucarà","Club Pucará; Club Pucara; Pucará; Rojo; プカラ","1118",NA
"Manurewa","Manurewa RC","5809",NA
"Harrogate RFC","Harrogate RUFC; Harrogate; Harrogate RFC; Harrogate Rugby; Harrogate Rugby Club; Harrogate Rugby Football Club; Harrogate Rugby Union; Harrogate Rugby Union Club; Harrogate Rugby Union Football; Harrogate Rugby Union Football Club; RFC Harrogate; RUFC Harrogate; Rugby Club Harrogate; Rugby Football Club Harrogate; Rugby Union Football Club Harrogate; Rugby Union Football Harrogate; Rugby Union Harrogate; Aces","1303",NA
"RA Épinal-Golbey","RA Épinal Golbey","5245",NA
"SO Givors","SO Givors","3044",NA
"Mendoza RC","Mendoza Rugby Club","3381",NA
"Barking","Barking Rugby Football Club; Barking; Barking Rugby Union Football Club","949",NA
"Capoterra","Amatori Rugby Capoterra; Amatori Rugby Capoterra ASD","790",NA
"RC Concarneau","RC Concarneau","4556",NA
"Mazères Cassagne Sports","Mazeres Cassagne Sports","4785",NA
"RC sablais","RC sablais","4545",NA
"False Bay RFC","False Bay","6212",NA
"Drummoyne DRFC","Drummoyne DRFC; Dirty Reds; Drummoyne District Rugby Football Club","1184",NA
"Barcelona Universitari Club","Barcelona Universitari Club; BUC; USAP-Barcelona","2037",NA
"Northampton Old Scouts","Northampton Old Scouts","4003",NA
"North Shore RFC","North Shore Rugby Football Club; North Shore Rugby Club; The Pride; ノースショア; ノース・ショア","1583",NA
"Avenir moissagais","Avenir Moissagais","4776",NA
"AS Monfort","Association sportive montfortoise; AS Monfort; AS Montfort-en-Chalosse; ASM","2978",NA
"Thurrock RFC","Thurrock Rugby Football Club; Thurrock","1884",NA
"Rion Morcenx CR","Rion Morcenx CR","4454",NA
"Kandy SC","Kandy Sports Club; Kandy Sports Club (rugby); Kandy S.C; Kandy Athletic Boating Cricket Football and Dancing Club; キャンディーSC","1394",NA
"Curupayti","Curupaytí Club de Rugby; Club Curupayti; Curupayti Rugby Club; Curupayti Club de Rugby; Curupaytí; Curupa","1154",NA
"Amatori Rugby Capoterra","Amatori Rugby Capoterra; Amatori Rugby Capoterra ASD","790",NA
"Lieuran XV","Lieuran XV","5358",NA
"RC Seyssins","RC Seyssins; RCセイサン","4606",NA
"Irvine RFC","Irvine RFC; Irvine; Irvine Rugby Football Club","1372",NA
"False Bay","False Bay","6212",NA
"Roca RC","Roca Rugby Club","3493",NA
"CUS Pavia","CUS Pavia ASD","5600",NA
"CO Le Puy","CO Le Puy","4455",NA
"Rugby club sablais","RC sablais","4545",NA
"Llanelli Wanderers RFC","Llanelli Wanderers RFC; Wanderers; Llanelli Wanderers Rugby Football Club","1458",NA
"Llangennech RFC","Llangennech RFC; Bois y Llan; Llangennech Rugby Football Club","1460",NA
"Barcelona UC","FC Barcelona Rugby; Futbol Club Barcelona; FC Barcelona Rugbi; FCB rugbi; Futbol Club Barcelona rugbi; Fútbol Club Barcelona (rugby); Barcelona; Futbol Club Barcelona Rugby; blaugrana; FCバルセロナ","71",NA
"US Mugron","Union sportive mugronnaise; USM; US Mugron","2929",NA
"Ormskirk RUFC","Ormskirk RFC","4300",NA
"West Park RFC","West Park St Helens; West Park RFC; West Park  RFC","1964",NA
"US Argelès","US Argelès","4520",NA
"RC Uzès","Rugby Club Uzès; Rugby Club uzétien","3103",NA
"AS Layrac","AS Layrac","4453",NA
"R.C. Carcassonne","US Carcassonne; USC; AS Carcassonne; Union sportive carcassonnaise; 卡爾卡松十五人制體育會; カルカソンヌ; USカルカソンヌ","718",NA
"FC Toulousain","Football Club de Toulouse; FC Toulouse; FCT; Football Club toulousain","3130",NA
"Valence Sportif","Valence Sportif; VS","726",NA
"Aviron gruissanais","Aviron Gruissanais Rugby; Aviron gruissanais","3126",NA
"Oldham","Oldham RFC","4162",NA
"Ravenscourt Park","Ravenscourt Park Football Club; Ravenscourt Park","1740",NA
"Crumlin RFC","Crumlin RFC; Crumlin Rugby Football Club","1149",NA
"Alberton Rugby Club","Alberton","6533",NA
"FC Toac Toec Rugby","Football club TOAC TOEC rugby; FCTT; FCTT Rugby; Football Club TOAC TOEC; TOEC TOAC FCT","699",NA
"Bishop's Stortford RFC","Bishop's Stortford RFC; Bishops Stortford RFC; Bishops Stortford Rugby; Bishop's Stortford; Bishop's Stortford Rugby Football Club; ビショップズ・ストートフォード","982",NA
"Old Georgians RC","Old Georgians RC; Old Georgians RFC","4408",NA
"Durham City","Durham City RFC; Durham City; Durham City Rugby Football Club","2765",NA
"The Titans RFC","Rotherham R.U.F.C.; Rotherham rugby union team; Rotherham Titans R.F.C; Rotherham Titans RFC; Rotherham Titans Rugby; Rotherham Titans Rugby Club; Rotherham Titans Rugby Football Club; Rotherham Titans Rugby Football Team; Rotherham Titans Rugby Team; Rotherham Titans Rugby Union Football Team; Rotherham Rugby Union Football Club; Rotherham Titans; Roth; The Titans; ロザラム; ロザラム・ティタンズ","114",NA
"PS Tartas","Pédale et Stade tarusate; PST; PS Tartas","3140",NA
"RC Dijon","Rugby Club dijonnais; RCD; RC Dijon; Union sportive des cheminots dijonnais; USC Dijon","631",NA
"Union Barbezieux Jonzac","Union Barbezieux Jonzac; UBJ","3125",NA
"RC Puilboreau","RC Puilboreau","4544",NA
"Ruggers Tarvisium","Ruggers Tarvisium; A. S. Tarvisium ruggers 69; A.S. Rugby Tarvisium; A.S. Tarvisium ruggers 69; Associazione Sportiva Ruggers Tarvisium; Rugby Tarvisium","793",NA
"RC Montauban","US Montauban; USM; MTG XV; Union sportive montalbanaise; USモントーバン; モントーバン","324",NA
"A.S.R.V. Ascrum","ASRV Ascrum; A.S.R.V. Ascrum; Amsterdam Student Rugby Association Ascrum; Ascrum; Amsterdamse Studenten Rugby Vereniging Ascrum","354",NA
"Felinfoel RFC","Felinfoel RFC; Felinfoel Rugby Football Club","1235",NA
"Kilmarnock RFC","Kilmarnock RFC; Kilmarnock Rugby Football Club","1411",NA
"Suva","Suva","4451",NA
"Queen's University RFC","Queen's University RFC; Queen's University Belfast RFC; Queen's University Belfast Rugby Football Club","1693",NA
"Wrexham RFC","Wrexham RFC; Wrexham Rugby Football Club","1991",NA
"Abergavenny RFC","Abergavenny Rugby Football Club; Abergavenny RFC","896",NA
"Langholm RFC","Langholm RFC; Langholm Rugby Football Club","1429",NA
"Gowerton RFC","Gowerton RFC; The Starch; Gowerton Rugby Football Club","1277",NA
"SC Nègrepelisse","SC Nègrepelisse","4629",NA
"Diggers RFC","Diggers","6535",NA
"Piacenza RC","Piacenza Rugby Club; rugby piacenza","831",NA
"Sandal RFC","Sandal RUFC; Sandal; Sandal Rugby Union Football Club","2324",NA
"Glyncoch RFC","Glyncoch RFC","6151",NA
"Tatami Rugby Club","Tatami Rugby Club; タタミ","6954",NA
"US Mouguerre","Mouguerre Union; USM; US Mouguerre","2597",NA
"Hernani CRE","Hernani Club Rugby Elkartea; HCRE; Hernani CRE; Hernani","561",NA
"RC naborien","RC Naborien","4929",NA
"University of Galway RFC","University College Galway R.F.C.; NUI Galway RFC; University of Galway RFC; UG; University of Galway Rugby Club; University of Galway Rugby Football Club","1922",NA
"RO Castelnaudary","Rugby Olympique Castelnaudary; RO Castelnaudary","3123",NA
"RC Les Mureaux","Rugby Club Les Mureaux","5290",NA
"Politehnica Iași","CS Politehnica Iași (rugby); CS Politehnica Iași (rugby union); Politehnica Iași; CS Politehnica Unirea Iași","2540",NA
"Berwick RFC","Berwick RFC; Berwick Rugby Club; Berwick Rugby Football Club","969",NA
"Levézou Ségala Aveyron XV","Lévézou Ségala Aveyron XV","4468",NA
"CS Annonay","Club sportif annonéen; CS Annonay; Club sportif d'Annonay; Club sportif Annonay rugby; Club sportif d'Annonay rugby; CSA, CS Annonay","3043",NA
"James Bay AA","James Bay Athletic Association; James Bay AA; ジェームズベイAA","2347",NA
"St. Davids","St. Davids RFC; Saints; St. Davids Rugby Football Club","1830",NA
"Cardiff Harlequins","Cardiff Quins RFC; Cardiff Harlequins; Cardiff Quins Rugby Football Club","1061",NA
"Treherbert RFC","Treherbert RFC; The Devils; Treherbert Rugby Football Club","2325",NA
"Aberdare RFC","Aberdare RFC; Aberdare RUFC; The Snakes; Aberdare Rugby Union Football Club","893",NA
"Rhigos RFC","Rhigos RFC; Rhigos Rugby Football Club","1748",NA
"UBC Old Boys Ravens","UBC Old Boys Ravens; UBCOB Ravens; UBC Old Boys Ravens Rugby Football Club","2333",NA
"SC Surgères","SC Surgères","4491",NA
"Nuneaton RFC","Nuneaton RFC; Nuneaton Rugby; Nuneaton R.F.C.; Nuneaton; Nuns; Nuneaton Rugby Football Club","1596",NA
"High School Old Boys RFC","High School Old Boys RFC; Old Boys (unofficial); ハイスクール・オールドボーイズRFC; ハイスクールオールドボーイズ","1322",NA
"Meraloma RFC","Meraloma Rugby; the Lomas; Meraloma Club; Meraloma Athletic Club","2310",NA
"Beauvais RC","Beauvais Rugby Club; Beauvais RC","3119",NA
"US Mourillon","US Mourillon","4617",NA
"Rugby Livorno","Rugby Livorno 1931; Rugby Livorno; Rugby Livourne; リヴォルノ; ラグビーリヴォルノ1931","847",NA
"AS Asasp-Arros","AS Asasp Arros","4979",NA
"NNK","NNK","6802",NA
"RC Arpajon-Veinazès","RC Arpajon Veinazès","4474",NA
"Vincennes","RC Vincennes","4566",NA
"Tredegar RFC","Tredegar RFC; Tredegar Rugby Football Club","1895",NA
"Dunbar RFC","Dunbar RFC","1189",NA
"Haddington RFC","Haddington RFC; Haddington Rugby Football Club","1290",NA
"Winnington Park","Winnington Park","1984",NA
"Ferndale RFC","Ferndale RFC; The Barrells; Ferndale Rugby Football Club","1236",NA
"Penygraig RFC","Penygraig RFC; Penygraig Rugby Football Club","1647",NA
"Mountain Ash","Mountain Ash RFC; the Old Firm; Mountain Ash Rugby Football Club","1534",NA
"Percy Park","Percy Park RFC; Percy Park; Percy Park Rugby Union Football Club","2317",NA
"Melville","Melville RC","6046",NA
"US Portsmouth","Portsmouth Rugby Football Club; Portsmouth R.F.C","1675",NA
"Newbury","Newbury R.F.C.; Newbury; Newbury Rugby Football Club; ニューベリー","1567",NA
"CAS Gerzatois","CAS Gerzatois","4633",NA
"Monkstown FC","Monkstown Football Club; Monkstown FC","1522",NA
"RC Teillois","RC teillois","4607",NA
"Western Suburbs","Western Suburbs","6240",NA
"SO Ugine-Albertville","Stade Olympique Ugine Albertville Rugby; SOUA; SOUAR; SO Ugine Albertville; SO Ugine Albertville rugby; SOU Albertville rugby","3131",NA
"RC motterain","RC Motterain","4651",NA
"Côte Vermeille","Union sportive Côte Vermeille","2847",NA
"Jockey Club Cordoba","Jockey Club Córdoba; Jockey Club Cordoba","2009",NA
"Riom","RC Riom","4477",NA
"US Meyzieu","Union Sportive de Meyzieu Rugby; US Meyzieu; Union sportive de Meyzieu; US Meyzieu rugby","3124",NA
"UA Vicoise","UA Vicoise","4802",NA
"AS saint-martinoise","Association sportive saint-martinoise; ASSM; AS Saint-Martin-de-Seignanx","3182",NA
"Marsilly RC","Marsilly Rugby Club","4997",NA
"Rugby Reggio Calabria","Società Sportiva Rugby Reggio Calabria; Caronte Reggio Calabria; Caronte Rugby Reggio; Rugby Reggio Calabria; S.S. Rugby Reggio; Società Sportiva Rugby Reggio","853",NA
"Burton","Burton RFC; Burton; Crofters; Burton Rugby Football Club","1034",NA
"Wiveliscombe RFC","Wiveliscombe RFC","4148",NA
"Machen RFC","Machen RFC; The Shirefolk; Machen Rugby Football Club","1482",NA
"Washington RFC","Washington Rugby Football Club; Washington RFC; Washington Rugby; WRFC","732",NA
"Belmont Shore RFC","Belmont Shore RFC; Belmont Shore; Belmont Shore Rugby Club","965",NA
"Hartlepool Rovers","Hartlepool Rovers; Rovers; Hartlepool Rovers Football Club","1306",NA
"RC Sablais","RC sablais","4545",NA
"R.C. Trèbes","RC Trèbes","4622",NA
"Northern Sharks","Northern Sharks; シャークス","1589",NA
"Llanharan RFC","Llanharan RFC; Black and Blues; Dairymen; Llanharan Rugby Football Club","2299",NA
"Ynysybwl","Ynysybwl RFC; Bwl; Ynysybwl Rugby Football Club","1994",NA
"Rockwell College","Rockwell College RFC","5440",NA
"Urú Curé RC","Urú Curé Rugby Club; Urú Curé","2708",NA
"Mumbles RFC","Mumbles RFC; Mumbles Rugby Football Club","1538",NA
"RC Compiègne","RC Compiègne","4506",NA
"RC Beauvais","Beauvais Rugby Club; Beauvais RC","3119",NA
"RC Issoudun","RC Issoudun","4539",NA
"Rugby Segni","Rugby Segni ASD","5571",NA
"Asti Rugby","Asti Rugby","794",NA
"US Izeaux","US Izeaux","4895",NA
"RC Draguignan","Rugby Club Draguignan","3143",NA
"RC Blois","RC Blois","4573",NA
"Derry","Edenderry RFC; Derry; Edenderry; Edenderry Rugby Football Club","1207",NA
"Marista RC","Marista Rugby Club; Cura; Marista","1497",NA
"ES Lembeye","ES Lembeye","4747",NA
"FC Tournon-Tain","FC Tournon Tain","4604",NA
"Stade navarrais","Stade Navarrais","4487",NA
"FC Moulins","Football club moulinois rugby; FC Moulins; FC Moulins rugby","512",NA
"CM Floirac","CM Floirac rugby; CMF; CM Floirac","3012",NA
"SC L'Honor-de-Cos","SC L'honor de Cos","5386",NA
"Oakdale RFC","Oakdale RFC; The Dale; Oakdale Rugby Football Club","1597",NA
"Trinant RFC","Trinant RFC; Trinant Rugby Football Club","1898",NA
"Chūō University RFC","Chuo University Rugby Football Club; 中央大学; 中央大学法学部; 中央大学法学部法律学科","2054",NA
"Jordanhill RFC","Jordanhill RFC; Jordanhill Rugby Football Club","2568",NA
"World Fighting Bull","World Fighting Bull; Fighting Bull; ワールド ファイティングブル; ワールド; ワールドファイティングブル","1989",NA
"Llandaff RFC","Llandaff RFC; Llandaff Chiefs Walking Rugby; Llandaff Rugby Football Club","1454",NA
"ASB Labatut","Association sportive des bleuets labatutois; ASBL; ASB Labatut","2933",NA
"Pakuranga United","Pakūranga United Rugby Club; Pakuranga United Rugby Club","1633",NA
"Bicester RC","Bicester Rugby Club; Bicester Rugby Union Club; Foxes","974",NA
"Slavia Prague","RC Slavia Prague; Ragbyový Klub Slavia Praha; RC Slavia Praga; Rugby Club Slavia Praha; Hvězdy (Stars) - A-team; Nosorožci (Rhinos) - B-team; Rugby Club Slavia Prague; Hvězdy  - A-team; Nosorožci  - B-team","727",NA
"RC Říčany","RC Říčany; Rugby Club Říčany","688",NA
"RC Havirov","RC Havířov; Rugby Club Havířov","1708",NA
"Regatas Bella Vista","Club de Regatas Bella Vista; Regatas Bella Vista; Regatas; レガータス","465",NA
"SA Monein","Sport athlétique de Monein; SAM; SA Monein","3056",NA
"Riwaka RFC","Riwaka Rugby Club","6023",NA
"US Pouillon","Union sportive pouillonnaise; USP; US Pouillon","2932",NA
"S.C. Tarare","SC Tarare","4601",NA
"C.A. Villeneuve","RC Villeneuve","4524",NA
"RC Rillieux","RC Rillieux","4459",NA
"Penicuik RFC","Penicuik RFC; ; Penicuik Rugby Football Club","1644",NA
"Los Tilos","Club de Rugby Los Tilos; Club Los Tilos; Los Tilos; ロス・ティロス","1128",NA
"Oriental Rongotai","Oriental-Rongotai FC","6083",NA
"East Rugby Club","Canada East; Canada East (rugby union); East","186",NA
"Bradford PA","Bradford (Park Avenue) A.F.C.; Bradford; BPA; The Avenue; BPAAFC; Bradford (Park Avenue); Bradford (Park Avenue) AFC; Bradford (Park Avenue) Association Football Club; Bradford FC; Bradford PA; Bradford Park Avenue; Bradford Park Avenue AFC; Bradford Park Avenue Association Football Club; Bradford Association Football Club; Bradford Park Avenue A.F.C.; Bradford Park Avenue F.C.; ブラッドフォード・パーク・アベニューFC; Bradford Park Avenue FC; Бредфорд (футбольний клуб); Бредфорд Парк Авеню; 布拉德福德公園大街足球會","159",NA
"Whitecraigs RFC","Whitecraigs RFC; Whitecraigs; Whitecraigs Rugby Football Club","2235",NA
"Auch Gers","FC Auch Gers; FCA; FC Auch; Football Club auscitain; Football Vélo Club auscitain; Union vélocipédique du Gers; FCオーシュ; RCオーシュ; Auch; Football Club Auch Gers; FCオーシュ・ジェール; オーシュ; FCオーシュジェール","129",NA
"Newport Breakers","Newport Breakers Rugby Club","3954",NA
"Warringah","Warringah RC; Warringah Rugby Club; The Rats; Ratties; Warringah; ワーリンガー; ワリンガウ; ワリンガーRC","731",NA
"Huirapuca","Huirapuca Social Club; Club Huirapuca SC; Huirapuca; Huirapuca Sociedad Civil","2346",NA
"Los Matreros","Rugby Club los Matreros; Los Matreros RC; Los Matreros Rugby Club; Los Matreros","1473",NA
"FC Béziers","AS Béziers Hérault; AS Beziers; AS Béziers; ASB; Association Sportive de Béziers Hérault; AS Beziers Herault; Association Sportive de Beziers Herault; ASBH; Association sportive Béziers Hérault; Association sportive biterroise; Beziers Rugby; Béziers Rugby; Béziers; ASベジエ・エロー; ベジエ; ASベジエ","309",NA
"US Genlis","US Genlis","4586",NA
"CS Nuits-Saint-Georges","Club Sportif Nuiton; Club sportif de Nuits-Saint-Georges; CS Nuits; CS Nuits-Saint-Georges; CS nuiton","3121",NA
"Echirolles","Amicale Laique Echirolles","4846",NA
"RC Tala","Tala Rugby Club; Tala","1867",NA
"Meythet RC","Meythet RC","4643",NA
"AC Labastide Beauvoir","AC Labastide Beauvoir","5026",NA
"ESC BAC ASP","ESC BAC ASP; Entente des Avens; ESC-BAC; SCAR-ESC-BAC; Entente Baixas Espira de l'Agly Peyrestortes","2878",NA
"RC Vairas","Regbio klubas Vairas; Vairas","2280",NA
"Penygroes RFC","Penygroes RFC","6145",NA
"RC Rudar Zenica","RC Rudar Zenica; RC Rudar; Rugby Club Rudar; Rugby Club Rudar Zenica","2138",NA
"Cardigan RFC","Cardigan RFC; Cardis; Cardigan Rugby Football Club","1063",NA
"Rugby Benevento","U.S. Rugby Benevento; Rugby Benevento","859",NA
"False Bay RC","False Bay","6212",NA
"RC Cherbourg-Hague","RC Cherbourg Hague","4973",NA
"AS Pont-Long","AS Pont-Long","4486",NA
"AS Mont-Saint-Aignan","Rugby Club Mont Saint Aignan","4736",NA
"Uddingston RFC","Uddingston RFC","2327",NA
"Hautapu","Hautapu RC","6045",NA
"Pennes Mirabeau Cadeneaux rugby","Pennes Mirabeau Cadeneaux Rugby","4821",NA
"Westoe RFC","South Shields Westoe RFC; Westoe RFC; South Shields Westoe","1971",NA
"Pucará","Club Pucará; Club Pucara; Pucará; Rojo; プカラ","1118",NA
"Griviţa Roşie","RC Grivița Bucharest; Grivița Roșie; Grivita Bucarest; Grivita Rosie; RC Grivița București; RC Grivița Roșie; Rugby Club Grivița București; Rugby Club Grivița Roșie; Rugby Club Griviţa București; RC  Grivița; RC Grivița - UNEFS București","2113",NA
"Devonport Services","Devonport Services R.F.C.; The Sporting Blues. Given in 1909 by the sports writer of the Western Evening Herald.; Devonport Services Rugby Football Club","2278",NA
"RC La Baule","RC La Baule","4543",NA
"SC royannais","Sporting Club Royannais","3299",NA
"C.O. Creusot","Club Olympique Creusot Bourgogne; Club olympique creusotin; CO Creusot; COCB; Le Creusot","471",NA
"CUS Genova","Amatori Rugby Genova","5574",NA
"Universitario de La Plata","Club Universitario de La Plata; Universitario de La Plata; Universitario (LP)","1126",NA
"Sparta Prague","RC Sparta Prague; Rugby Club Sparta Praha; RC Sparta Praga; Rugby Club Sparta Prague","681",NA
"Star RC","Star Rugby Club; Star RFC; Star Rugby Football Club","1841",NA
"RC Versailles","RC Versailles","4500",NA
"RC Matheysin","RC Matheysin","4649",NA
"Biscarrosse olympique","Biscarrosse olympique rugby; BO; Biscarrosse olympique","2930",NA
"Syston","Syston RFC; Syston Rugby Football Club","1860",NA
"Stade pontellois","Stade Pontellois","4576",NA
"Saint-Savin Sportif","Saint-Savin sportif","4600",NA
"De La Salle Palmerston","De La Salle Palmerston; Salmo (formerly Palmo); De La Salle Palmerston Football Club; Salmo","485",NA
"Salisbury RFC","Salisbury RFC; Salisbury Rugby Club; Green and white; Salisbury","2610",NA
"Melksham RFC","Melksham RFC","4132",NA
"Denver Barbarians","Denver Barbarians RFC; Barbos; Denver Barbarians; Denver Barbarians Rugby Football Club","1174",NA
"Bracknell","Bracknell RFC; Bracknell; Bracknell Rugby Football Club","2169",NA
"Ricany","RC Říčany; Rugby Club Říčany","688",NA
"Taupiri RFC","Taupiri RC","6050",NA
"Aubagne","RC Aubagne","4463",NA
"Moray RFC","Moray RFC; Moray Rugby Football Club","2494",NA
"Highland RFC","Highland RFC; Highland Rugby","1323",NA
"Western Crusaders","Western Crusaders","1968",NA
"Havant RFC","Havant RFC; Hav; Havant Rugby Football Club","1309",NA
"Bournemouth RC","Bournemouth Rugby Club; Bournemouth; Bournemouth Rugby Football Club","995",NA
"Old Alleynians","Old Alleynian Football Club; Old Alleynian F.C.; OAs; Old Alleynians","2164",NA
"Gorey RFC","Gorey RFC; Gorey; none; Gorey Rugby Football Club","1271",NA
"Capilano RFC","Capilano RFC; Capilano Rugby Football Club","2258",NA
"Draguignan","Rugby Club Draguignan","3143",NA
"Stade Blayais","Stade Blayais","4525",NA
"Nord Béarn XV","Nord Béarn XV","5321",NA
"Toulouse AC","Toulouse Rugby Club","5394",NA
"Gorseinon RFC","Gorseinon RFC; Gorseinon Rugby Football Club","1272",NA
"US Valloire-Galaure","US Valloire Galaure","5182",NA
"JS Villeneuve-de-Marsan","Jeunesse sportive villeneuvoise rugby; JSV; JS Villeneuve-de-Marsan","3155",NA
"RC Trignac","RC Trignac","4489",NA
"Bidart","Bidart Union Club","4742",NA
"Stade Piscenois","Stade Piscénois Rugby; Stade de Pézénas; Stade piscénois","3045",NA
"Stade piscénois","Stade Piscénois Rugby; Stade de Pézénas; Stade piscénois","3045",NA
"Dunvant","Dunvant RFC; Dunvant Rugby Football Club","1194",NA
"Carmarthen RFC","Carmarthen Quins RFC; Carmarthen RFC; Quins; Carmarthen Quins Rugby Football Club; カーマーゼン・クインズ; カーマーゼンクインズ; カーマーゼン・クインズRFC","200",NA
"Stade Marseillais UC","Stade Marseillais UC; Stade Marseillais Université Club; SMUC","4616",NA
"Balma ORC","Balma Olympique Rugby Club; Balma ORC","3042",NA
"Wests Lions","Wests Lions; Lions; 20","1974",NA
"Haverfordwest RFC","Haverfordwest RFC; Blues; Haverfordwest Rugby Football Club","1311",NA
"FC Tournon Tain","FC Tournon Tain","4604",NA
"RC Aubagne","RC Aubagne","4463",NA
"RC Serignan","Rugby Club de Sérignan; RC Sérignan","3122",NA
"RC Sérignan","Rugby Club de Sérignan; RC Sérignan","3122",NA
"US vicquoise","Union sportive vicquoise; US Vicq; US vicquoise","3048",NA
"RC Guéret","RC Guéret","4538",NA
"Stade piscenois","Stade Piscénois Rugby; Stade de Pézénas; Stade piscénois","3045",NA
"Entente Aramits Asasp","Entente Aramits Asasp","3014",NA
"Whitland RFC","Whitland RFC; The Borderers; Whitland Rugby Football Club","1978",NA
"RC Castelnaudary","Rugby Olympique Castelnaudary; RO Castelnaudary","3123",NA
"Entente Vendres-Lespignan","Entente Vendres Lespignan","4619",NA
"Salisbury","Salisbury RFC; Salisbury Rugby Club; Green and white; Salisbury","2610",NA
"Glenmark RFC","Glenmark RFC","5768",NA
"Redruth R.F.C.","Redruth R.F.C.; Redruth Football Club; Redruth R.F.C. Rugby; Redruth R.F.C.Football; Redruth R.F.C.Football Club; Redruth R.F.C.Rugby Club; Redruth Rugby; Redruth RFC; Redruth Rugby Club; レッドルース","1745",NA
"SA Bourg-en-Bresse","Stade Athlétique Bourg-en-Bresse","4662",NA
"Rugby Club teillois","RC teillois","4607",NA
"AS Fontaine","AS Fontaine","5129",NA
"AL Échirolles","Amicale Laique Echirolles","4846",NA
"Loughor RFC","Loughor RFC; The Blues; Loughor Rugby Football Club","1477",NA
"JS Labouheyre","Jeunesse sportive de Labouheyre; JSL; JS Labouheyre","2934",NA
"RC Salvetat Plaisance","RC Salvetat Plaisance","4627",NA
"Real Soldevilla campétois","Real Soldevilla campétois","3013",NA
"RC Vincennes","RC Vincennes","4566",NA
"Rugby Club Teillois","RC teillois","4607",NA
"Club San Martín","Club San Martín; Club Atletico Ferrocarril General San Martin; Pacific Railway Athletic Club; Club Atlético Ferrocarril General San Martín; Pacific; Tricolor; Ferroviarios; San Martín","1105",NA
"Tailevu","Tailevu","4452",NA
"Te Papapa Onehunga RFC","Te Papapa Onehunga RFC; Te Papapa Onehunga Rugby Football & Sports Club","1875",NA
"Bidart UC","Bidart Union Club","4742",NA
"Petone RFC","Petone Rugby Club","1654",NA
"Stourbridge","Stourbridge R.F.C.; Stourbridge RFC; Stourbridge Rugby; Stourbridge Rugby Club; Stourbridge Rugby Footbal Club; Stourbridge Rugby Team; Stourbridge; Stourbridge Rugby Football Club","1847",NA
"Banbury RFC","Banbury RUFC","3166",NA
"Durham city","Durham City RFC; Durham City; Durham City Rugby Football Club","2765",NA
"Boston RC","Boston Rugby Club; Boston RFC; Boston Rugby Football Club","994",NA
"Kenilworth RFC","Kenilworth RFC; Kenilworth; Kenilworth Rugby Football Club","1401",NA
"Beddau RFC","Beddau RFC; Beddau Rugby Football Club","960",NA
"RC Riom","RC Riom","4477",NA
"Union sportive Pays de Gex","US pays de Gex","4594",NA
"RC Ustaritz Jatxou","RC Ustaritz Jatxou","4757",NA
"Hasparren AC","Hasparren AC","2598",NA
"Avenir gruissanais","Avenir Gruissanais","3298",NA
"Taffs Well RFC","Taffs Well RFC; Taffs Well Rugby Football Club","1862",NA
"Rugby sancerrois","Rugby sancerrois","4540",NA
"US aspoise","Union sportive aspoise; USA","3147",NA
"Nîmes","RC Nîmes; RC Nimes; Rugby Club nîmois; RCNG; Rugby Club Nîmes; Rugby club Nimes Gard; Rugby Club Nîmes Gard; Rugby club nimois; ニーム","624",NA
"UA Vergt","UA Vergt","4532",NA
"CA Saint-Raphaël Fréjus","Club athlétique raphaëlo-fréjusien; CARF; CA Saint-Raphaël Fréjus","3141",NA
"Ammanford RFC","Ammanford RFC; Ammanford Rugby Football Club","907",NA
"Newark RUFC","Newark RFC","4020",NA
"Penryn RFC","Penryn RFC; The Borough; Penryn Rugby Football Club","2633",NA
"Truro RFC","Truro RFC; Truro Rugby Football Club","2636",NA
"Llwynypia RFC","Llwynypia RFC; Llwynypia Rugby Football Club","1466",NA
"AZS AWF Warszawa","AZS-AWF Warsaw Rugby; AZS-AWF Warszawa; Akademicki Związek Sportowy Akademii Wychowania Fizycznego","7016",NA
"Nenagh Ormond","Nenagh Ormond; Nenagh Ormond RFC; Nenagh Ormond Rugby Football Club","2129",NA
"Racing Club Mauriacois","RC Mauriacois","4650",NA
"Stade Olympique Givors","SO Givors","3044",NA
"Namosi","Namosi","4448",NA
"ASD Rugby Casale","Rugby Casale; ASD Rugby Casale","785",NA
"AS Lagny Rugby","AS Lagny Rugby","4711",NA
"AS Ondres","Association sportive ondraise; ASO; USO; AS Ondres; Union sportive ondraise; US Ondres","3008",NA
"Poneke FC","Poneke FC; ポネケ","6084",NA
"Rugby Noceto","Rugby Noceto Football Club; Rugby Noceto FC","846",NA
"Rugby Paese","Rugby Paese; ASD Rugby Paese","782",NA
"Seapoint RFC","Seapoint RFC; Point; Seapoint Rugby Football Club","1793",NA
"Littleborough RUFC","Littleborough RFC","4160",NA
"TUT Vikings","TUT Vikings","6195",NA
"Hartpury College RFC","Hartpury University RFC; Hartpury RFC; Hartpury Rugby; Hartpury College RFC; Hartpury College Rugby Football Club; Hartpury University R.F.C.; Hartpury University; Hartpury University Rugby Football Club; ハートプリー大学RFC; カレッジハートプリュー大学; ハイトペニーカレッジ; ハートプリー大学","2205",NA
"Oxford Harlequins","Oxford Harlequins Rugby Football Club; Oxford Harlequins; Oxford Quins","1630",NA
"Noordelikes","Noordelikes","6214",NA
"ACS Tomitanii Constanța","ACS Tomitanii Constanța; Asociația Clubul Sportiv Tomitanii Constanța; ACSトミタニー・コンスタンタ","2723",NA
"Stoke-on-Trent RUFC","Stoke on Trent RUFC; Stoke-on-Trent RUFC; Stoke-on-Trent; Stoke-on-Trent Rugby Union Football Club","2766",NA
"Longton Rugby Club","Longton Rugby Club; Longton","1471",NA
"Pembroke RFC","Pembroke RFC; The Scarlets; Pembroke Rugby Football Club","1640",NA
"Kelso","Kelso RFC; Kelso Rugby Football Club Reels; Kelso; Kelso Rugby Football Club","540",NA
"North of Ireland F.C.","North of Ireland F.C.; North of Ireland FC; North of Ireland Football Club","1586",NA
"Howe Of Fife","Howe of Fife RFC; Howe; The Howe; Howe o Fife; Quins; Harlequins; Howe of Fife Rugby Football Club","1349",NA
"Newark Rugby Club","Newark RFC","4020",NA
"Saskatoon Wild Oats RFC","Saskatoon Wild Oats RFC; Saskatoon Wild Oats R.F.C; ; Saskatoon Wild Oats Rugby Football Club","2616",NA
"Palmyra","Palmyra RC","3652",NA
"Haywards Heath RFC","Haywards Heath RFC; Haywards Heath; Heath; Haywards Heath Rugby Football Club","1314",NA
"Monmouthshire County RFC","Monmouthshire County RFC; Monmouthshire County Rugby Football Club","1525",NA
"Birkenhead Park","Birkenhead Park FC; Birkenhead Park Football Club; Birkenhead Park Rugby Union Football Club","978",NA
"Kenfig Hill RFC","Kenfig Hill RFC; The Mules; Kenfig Hill Rugby Football Club","2313",NA
"Loughborough","Loughborough RFC; Loughborough; Loughborough Rugby Football Club","1475",NA
"Old Collegians RC","Old Collegians Rugby Club; Old Collegians Rugby Union Football Club","1605",NA
"Shimizu Koto Blue Sharks","Shimizu Koto Blue Sharks; Shimizu Blue Sharks; ブルーシャークス; Koto Blue Sharks; Blue Sharks; 清水エスパルスヨシキリザメ; 清水建設; 江東BS; 清水建設ブルーシャークス","2479",NA
"RC Gura Humorului","RC Gura Humorului; Rugby Club Gura Humorului; RCグラ・フモルルイ","3064",NA
"Trimsaran RFC","Trimsaran RFC; Lone Wolves; Trimsaran United RFC; Trimsaran United Rugby Football Club","2326",NA
"Old Georgians","Old Georgians","6216",NA
"Durbanville-Bellville","Durbanville-Bellville","6209",NA
"Reading RFC","Reading R.F.C.; Reading RFC; The Green Machine; Reading Rugby Football Club","1742",NA
"Queanbeyan Whites","Queanbeyan Whites; Queanbeyan RUFC; クウィーンビアン・ホワイツ","1690",NA
"RC CERN","Rugby Club CERN","1769",NA
"Tunbridge Wells RFC","Tunbridge Wells RFC; Wells; Tunbridge Wells Rugby Football Club","1907",NA
"Pogon Siedlce","Pogoń Siedlce; MKS Pogoń Aventa Siedlce; MKS Pogoń Siedlce (rugby union); MKS Pogoń Siedlce; Miejski Klub Sportowy Pogoń Aventa Siedlce","2112",NA
"Redruth RFC","Redruth R.F.C.; Redruth Football Club; Redruth R.F.C. Rugby; Redruth R.F.C.Football; Redruth R.F.C.Football Club; Redruth R.F.C.Rugby Club; Redruth Rugby; Redruth RFC; Redruth Rugby Club; レッドルース","1745",NA
"Bradford RFC","Bradford (Park Avenue) A.F.C.; Bradford; BPA; The Avenue; BPAAFC; Bradford (Park Avenue); Bradford (Park Avenue) AFC; Bradford (Park Avenue) Association Football Club; Bradford FC; Bradford PA; Bradford Park Avenue; Bradford Park Avenue AFC; Bradford Park Avenue Association Football Club; Bradford Association Football Club; Bradford Park Avenue A.F.C.; Bradford Park Avenue F.C.; ブラッドフォード・パーク・アベニューFC; Bradford Park Avenue FC; Бредфорд (футбольний клуб); Бредфорд Парк Авеню; 布拉德福德公園大街足球會","159",NA
"Barbezieux SCR","Barbezieux Sud-Charente Rugby; Barbezieux SCR","3127",NA
"Harrogate","Harrogate RUFC; Harrogate; Harrogate RFC; Harrogate Rugby; Harrogate Rugby Club; Harrogate Rugby Football Club; Harrogate Rugby Union; Harrogate Rugby Union Club; Harrogate Rugby Union Football; Harrogate Rugby Union Football Club; RFC Harrogate; RUFC Harrogate; Rugby Club Harrogate; Rugby Football Club Harrogate; Rugby Union Football Club Harrogate; Rugby Union Football Harrogate; Rugby Union Harrogate; Aces","1303",NA
"York","York RUFC; York Rugby Union Football Club","2875",NA
"Bigua RC","Biguá Rugby Club","3414",NA
"Cumnock RFC","Cumnock RFC; Cumnock; Cumnock Rugby Football Club","2631",NA
"Akita Northern Bullets","Akita Northern Bullets; 秋田ノーザンブレッツ; 秋田ノーザンブレッツR. F. C; Akita Northern Bullets Rugby Football Club; 秋田ノーザンブリッツ; 秋田NB","2091",NA
"Hull RUFC","Hull RUFC; Hull; Hull Rugby Football Club; ハルRUFC","2298",NA
"Karaka RFC","Karaka RC","5807",NA
"Hobart Harlequins","Hobart Harlequins Rugby Union Club; Harlequins or 'Quins'; Hobart Harlequins Rugby Club","2271",NA
"Ballina RFC","Ballina R.F.C.; Ballina RFC; Ballina Rugby Football Club","2712",NA
"Douglas RFC","Douglas RFC","6567",NA
"Sundays Well RFC","Sundays Well RFC; The Well; Sundays Well Rugby Football Club","1853",NA
"Luctonians SC","Luctonians; Lucs; Luctonians RFC; Luctonians Rugby; Luctonians Rugby Club; Luctonians Sports Club","2116",NA
"Australian Barbarians","Australian Barbarians; Australian Barbarians Rugby Club","2614",NA
"Stade caennais","Stade Caennais RC","4560",NA
"US Joué","US Joué","4694",NA
"RC Combronde","RC Combronde","4869",NA
"Southern Beaches Rugby","Southern Beaches Rugby","3646",NA
"SA Parthenay","SA Parthenay","4548",NA
"Parentis SR","Parentis sport rugby; PSR; Parentis SR","2935",NA
"FC Haguenau","FC Haguenau","4583",NA
"RC Haguenau","FC Haguenau","4583",NA
"Battersea Ironsides","Battersea Ironsides","4035",NA
"Los Matreros RC","Rugby Club los Matreros; Los Matreros RC; Los Matreros Rugby Club; Los Matreros","1473",NA
"US Casteljaloux","US Casteljaloux","4493",NA
"RC bazeillais","Rugby Club Bazeillais","5009",NA
"MKS Pogoń Siedlce","Pogoń Siedlce; MKS Pogoń Aventa Siedlce; MKS Pogoń Siedlce (rugby union); MKS Pogoń Siedlce; Miejski Klub Sportowy Pogoń Aventa Siedlce","2112",NA
"VPC Andorra XV","VPC Andorra XV; L'Onada Blava (Blue Wave); L'equip tricolor (Tricolor Team); VPC; Voluntaris de Protecció Civil Andorra Rugby XV; L'equip tricolor; L'onada blava","1930",NA
"Wicklow Rugby Club","Wicklow RFC; Wicklow; Wicklow Rugby Football Club","1979",NA
"Saint-Pée UC","Saint-Pée Union Club rugby; SPUC; Saint-Pée UC; Saint-Pée UCR","2740",NA
"Aston Old Edwardians","Aston Old Edwardians","4245",NA
"Rugby Badia","Rugby Badia; Amatori Rugby Badia; Rugby Badia 1981; Società Sportiva Rugby Badia; ラグビー・バディア","839",NA
"Rion Morcenx RC","Rion Morcenx CR","4454",NA
"Box Hill","Box Hill RC","3637",NA
"Saint Girons SC","Saint-Girons Sporting Club; Saint-Girons SC; Saint-Girons Sporting Club Couserans","639",NA
"AC Soissons","AC Soissons","4503",NA
"Servian Boujan Rugby","Servian Boujan Rugby","4623",NA
"Sydney Harlequins RFC","Sydney Harlequins RC","3967",NA
"RC castelpontin","RC Castelpontin","4866",NA
"Australian Schoolboys","Australian Schoolboys national rugby union team; Australian Schoolboys; Australian Schoolboys rugby union team; Australian Schoolboys & U18","934",NA
"Antony Métro 92","Antony Métro 92","4494",NA
"Red Star olympique","Red Star Olympique rugby; Red Star Olympique; Red Star Olympique audonien; Red Star OR","2653",NA
"Howe of Fife RFC","Howe of Fife RFC; Howe; The Howe; Howe o Fife; Quins; Harlequins; Howe of Fife Rugby Football Club","1349",NA
"RAC Castelroussin","RAC Castelroussin","4687",NA
"Canada A","Canada A national rugby union team; Canada A; Canada XV; ru a can","2419",NA
"Huirapuca SC","Huirapuca Social Club; Club Huirapuca SC; Huirapuca; Huirapuca Sociedad Civil","2346",NA
"Lobos RC","Lobo Bravo Rugby; Lobo Bravo; LBR; Lobos; Associação Lobo Bravo Rugby Clube","2014",NA
"RC Valpolicella","Rugby Club Valpolicella; Rugby Club Valpolicella ASD; ヴァルポリチェッラ","842",NA
"Los Cuervos","Los Cuervos RC","3379",NA
"AS Chalampé","AS Chalampe","5237",NA
"Monivea","Monivea RFC","5463",NA
"Carmarthen Athletic","Carmarthen Athletic RFC; Athletic/Red & Black's; Carmarthen Athletic Rugby Football Club","1064",NA
"Pontyclun RFC","Pontyclun RFC; The Badgers; The Falcons (Woman's Senior Team); Pontyclun Rugby & Sports Club; The Falcons","1664",NA
"St Ives RFC","St Ives RFC; St Ives RFC (Cornwall); The Hakes; St Ives Rugby Football Club","2679",NA
"Bryncethin RFC","Bryncethin RFC; Bryncethin Rugby Football Club","1019",NA
"Treorchy RFC","Treorchy RFC; The Zebras; Treorchy Rugby Football Club","1896",NA
"Skerries RFC","Skerries RFC; The Goats","1805",NA
"Valsugana Rugby Padova","Valsugana Rugby Padova; ヴァルスガナ","2430",NA
"Crosshaven RFC","Crosshaven RFC","1147",NA
"Mazda Blue Zoomers","Mazda Skyactivs Hiroshima; Mazda Blue Zoomers; Mazda Rugby Club; Skyactivs Hiroshima; マツダブルーズーマーズ; Skyactivs; Skyactivs広島; SA広島; マツダ; 広島","2047",NA
"Ruffec AC","Ruffec AC","5328",NA
"Cinderford R.F.C.","Cinderford RFC; Cinderford R.F.C.; Cinderford Rugby; Cinderford; Cinderford Rugby Football Club; シンダーフォード","2262",NA
"Lince RC","Lince Rugby club; リンセR.C.","3228",NA
"Police SC","Police","6260",NA
"US Lavardac Barbaste","US Lavardac Barbaste","5022",NA
"Stow-on-the-Wold","Stow-on-the-Wold RFC","4029",NA
"US Renage Rives","US Renage Rives","4609",NA
"Hillfoots","Hillfoots RFC; Hillfoots Rugby Football Club","2775",NA
"Darlington RFC","Darlington RFC; Darlington Rugby Football Club","1168",NA
"Dunfermline RFC","Dunfermline RFC; Dunfermline; Dunfermline Rugby Football Club","1191",NA
"Suburbs RFC","Suburbs RFC","5794",NA
"Pukekohe Rugby Club","Pukekohe RC; プケコへ","5814",NA
"North Ribblesdale RFC","North Ribblesdale RFC","4153",NA
"Grasshoppers RFC","Grasshoppers","4045",NA
"Crewe & Nantwich RUFC","Crewe & Nantwich RFC","4023",NA
"Wymondham RFC","Wymondham RFC","3996",NA
"RC Pays de Saint-Yrieix","RC Pays de Saint-Yrieix","4476",NA
"Melbourne RUFC","Melbourne Rugby Union Football Club; Melbourne RUFC; Unicorns","1507",NA
"Burnside RFC","Burnside RFC; バーンサイドRFC","5761",NA
"Belfast RFC","Belfast RFC; ベルファスト; ベルファストラグビーフットボールクラブ","5759",NA
"Cullompton RFC","Cullompton RFC","4039",NA
"Pentyrch RFC","Pentyrch RFC; Tyrch's; Pentyrch Rugby Football Club","1646",NA
"Isetan RFC","Isetan Rugby Football Club; 伊勢丹","6849",NA
"Stewartry RFC","Stewartry RFC; Stewartry Rugby Football Club","2801",NA
"Strathaven RFC","Strathaven RFC; Strathaven Rugby Football Club","1848",NA
"Dalziel RFC","Dalziel RFC; Dalziel Rugby Football Club","1166",NA
"CO Saint-Lary-Soulan","CO St Lary Soulan","5035",NA
"CO Tauch Corbières","Club Olympique Tauch Corbieres","5349",NA
"Narrabri Blue Boars","Narrabri Blue Boars","3691",NA
"Gunnedah Red Devils","Gunnedah Red Devils","3688",NA
"AS Rugby Milano","A.S. Rugby Milano; Rugby Milano; AS Rugby Milano; ASD Milano; ASR Milano; ラグビー・ミラノ","783",NA
"Léognan Rugby","Léognan Rugby; Union sportive et culturelle de Léognan rugby; USCL","3070",NA
"Old Brodleians RFC","Old Brodleians; Brods; Old Brodleians RUFC","1603",NA
"Wattstown RFC","Wattstown RFC","6125",NA
"RC Montaigut Besse","Rugby Club Montaigut Besse; RC Montaigut Besse; RCMB","3072",NA
"AS Hossegor","Association sportive Hossegor; ASH; AS Hossegor","3152",NA
"Verona Rugby","Verona Rugby; CUS Verona Rugby; CUS Vérone Rugby; CUSヴェローナ","805",NA
"San Martín Rugby Club","San Martín Rugby Club","3412",NA
"CS Politehnica Iași","CS Politehnica Iași (rugby); CS Politehnica Iași (rugby union); Politehnica Iași; CS Politehnica Unirea Iași","2540",NA
"Stade calédonien","Stade calédonien; SC; Association Stade calédonien","3075",NA
"AAS Sarcelles","Association amicale et sportive de Sarcelles; AAS Sarcelles","3118",NA
"RC Courbevoie","Rugby Club Courbevoie","2852",NA
"Rugby Castets Linxe","Rugby Castets Linxe; RCL","2941",NA
"RC Saint-Cernin","RC Saint-Cernin","4530",NA
"Taunton Titans","Taunton R.F.C.; Taunton Football Club; Taunton R.F.C. Football Club; Taunton R.F.C. Rugby; Taunton R.F.C. Rugby Club; Taunton Rugby; Taunton Rugby team; Taunton Titans; Taunton Titans Rugby; Taunton; Taunton Rugby Football Club","1873",NA
"Bishopston RFC","Bishopston","4337",NA
"RC Kazbegi","RC Kazbegi","6963",NA
"US bassin de Longwy","US Bassin de Longwy","4935",NA
"ASC Pessac Alouette","Association sportive et culturelle Pessac Alouette rugby; ASC Pessac Alouette","3170",NA
"Ipswich RUFC","Ipswich Rangers Rugby Club; Ipswich Rangers; ; Ipswich Rugby Union Football Club","2552",NA
"Pontyberem RFC","Pontyberem RFC; Pontyberem Rugby Football Club","1663",NA
"Parentis sport rugby","Parentis sport rugby; PSR; Parentis SR","2935",NA
"Reading Abbey","Reading Abbey R.F.C.; Abbey; Reading Abbey; Reading Abbey Rugby Football Club","1741",NA
"University of Namibia RC","University of Namibia; UNAM; ナミビア大学; Universidad de Namibia; Università della Namibia; Université de Namibie","6985",NA
"RC Grivița Roșie","RC Grivița Bucharest; Grivița Roșie; Grivita Bucarest; Grivita Rosie; RC Grivița București; RC Grivița Roșie; Rugby Club Grivița București; Rugby Club Grivița Roșie; Rugby Club Griviţa București; RC  Grivița; RC Grivița - UNEFS București","2113",NA
"Maties Rugby Club","Maties","6186",NA
"AA Nogaro","AA Nogaro","4480",NA
"Știința Petroșani","Știința Petroșani; Stiinta Petrosani; Ştiinta Petrosani; Ştiinta Petroşani; Știinta Petroșani; Clubul Sportiv Stiinta din Petrosani","2137",NA
"Old Georgians RFC","Old Georgians RC; Old Georgians RFC","4408",NA
"Cashel RFC","Cashel RFC; Cashel Rugby; Cashel R.F.C","1066",NA
"Cowbridge RFC","Cowbridge RFC","1143",NA
"Coolmine RFC","Coolmine RFC; Coolmine Rugby Football Club","1139",NA
"Nadi Jets","Nadi Jets","4445",NA
"CR Majadahonda","Club de Rugby Majadahonda; CR Majadahonda; マハダオンダ ラグビー クラブ","2861",NA
"RC Bârlad","RC Bârlad; RC  Bârlad; Club de Drept Public Rugby Club Bârlad; RCバルラード","2409",NA
"US Ris-Orangis","US Ris-Orangis","4502",NA
"SO Ugine Albertville","Stade Olympique Ugine Albertville Rugby; SOUA; SOUAR; SO Ugine Albertville; SO Ugine Albertville rugby; SOU Albertville rugby","3131",NA
"Warlingham RFC","Warlingham Rugby Football Club","2728",NA
"Enniskillen RFC","Enniskillen RFC; エニスキレンRFC","5493",NA
"Andover RFC","Andover RFC","4032",NA
"Nadroga Stallions","Nadroga Stallions; ナドロガ","4446",NA
"Rewa","Rewa","4450",NA
"Hornets RFC","Hornets RFC; Hornets; Hornets Rugby Football Club","2391",NA
"Macclesfield RUFC","Macclesfield R.U.F.C.; Macclesfield; Macc R.F.C.; Macc R.U.F.C.; Macc Rugby; Macc Rugby Club; Macc Rugby Football Club; Macc Rugby Union; Macc Rugby Union Football; Macc Rugby Union Football Club; Macclesfield Club; Macclesfield R.F.C.; Macclesfield Rugby; Macclesfield Rugby Club; Macclesfield Rugby Football; Macclesfield Rugby Football Club; Macclesfield Rugby Union; Macclesfield Rugby Union Club; Macclesfield Rugby Union Football; Macclesfield Rugby Union Football Club; R.F.C. Macclesfield; R.U.F.C. Macclesfield; Rugby Club Macc; Rugby Club Macclesfield; Rugby Football Macclesfield; Rugby Union Club Macc; Rugby Union Club Macclesfield; Rugby Union Football Club Macc; Rugby Union Football Club Macclesfield; Rugby Union Football Macc; Rugby Union Football Macclesfield; Rugby Union Macc; Blues","1481",NA
"Old Albanians","Old Albanian RFC; O.A.R.F.C.; OA RFC; OA Rugby; OA Rugby Football Club; OAs; OAs RFC; OAs Rugby; OAs Rugby Football Club; Old Albanian Club; Old Albanian Rugby; Old Albanian Rugby Club; Old Albanian Rugby Football; Old Albanian Rugby Football Club; Old Albanians; Old Albanians Club; Old Albanians RFC; Old Albanians Rugby; Old Albanians Rugby Club; Old Albanians Rugby Football; Old Albanians Rugby Football Club; RFC Old Albanian; RFC Old Albanians; Rugby Club Old Albanian; Rugby Club Old Albanians; Rugby Football Club Old Albanian; Rugby Football Club Old Albanians; Rugby Football Old Albanian; Rugby Football Old Albanians; オールド・アルバニアンRFC; オールドアルバニアン; オールド・アルバニアンズ; オールド・アルバニアン","1599",NA
"Tycroes RFC","Tycroes RFC","6132",NA
"Tumble RFC","Tumble RFC; Magpies / Y Piod; Clwb Rygbi Y Tymbl; Y Piod","1906",NA
"Harbour RFC","Harbour RFC","5928",NA
"Singleton RC","Singleton Rugby Club","3645",NA
"Papatoetoe RFC","Papatoetoe RFC; パパトエトエ","3269",NA
"Tonga A","Tonga A national rugby union team; ru a ton; Ikale Tahi; Tonga A","2426",NA
"RC Billère ASPTT Lescar","RC Billere ASPTT Lescar","5001",NA
"US Deux Ponts","US Deux-Ponts; US Deux Ponts","4608",NA
"Birr RFC","Birr RFC; Birr; The Birr Grizzly Bears; Birr Rugby Football Club","980",NA
"East Coast Bays RFC","East Coast Bays RFC","5861",NA
"Buckingham RUFC","Buckingham RFC","4127",NA
"RC Dourdan","RC Dourdan","4948",NA
"RC Chartreuse Néron","RC Chartreuse Neron","4867",NA
"Plaisir RC","Plaisir RC","4497",NA
"Crymych RFC","Crymych RFC; Crymych Rugby Football Club","1150",NA
"Inthalatz Larressore","Inthalatz Larressore","2599",NA
"RC Le Môle","Rugby Club Le Mole","4885",NA
"US Nérac","US Nérac","2741",NA
"Esztergomi Vitézek Rugby SE","Esztergomi Vitézek Rugby SE; Esztergomi Vitezek Rugby SE; Esztergomi Vitézek","70",NA
"AZS-AWF Warszawa","AZS-AWF Warsaw Rugby; AZS-AWF Warszawa; Akademicki Związek Sportowy Akademii Wychowania Fizycznego","7016",NA
"Entente Aramits-Asasp","Entente Aramits Asasp","3014",NA
"Newbury RFC","Newbury R.F.C.; Newbury; Newbury Rugby Football Club; ニューベリー","1567",NA
"XV Saint-Rémois","XV Saint Remois","5125",NA
"RC Noves-Eyragues","RC Noves-Eyragues","5115",NA
"RO Planais","RO Planais","5426",NA
"RC Mende Lozère","RC Mende Lozère","5059",NA
"JA Isle","JA Isle","4473",NA
"AAS Fresnes","AAS Fresnes","5269",NA
"US Saint-Palais","US Saint-Palais","2600",NA
"Kia Toa RFC","Kia Toa RFC","1406",NA
"Bièvre Saint-Geoirs RC","Bièvre Saint-Geoirs RC","4462",NA
"RC Clermont Cournon D'Auvergne","RC Clermont Cournon-d'Auvergne","4475",NA
"Givors","SO Givors","3044",NA
"US Millas","US Millas","4808",NA
"Courbevoie","Rugby Club Courbevoie","2852",NA
"RC Villeneuve","RC Villeneuve","4524",NA
"Saint-Cyprien","St Cyprien AC","4761",NA
"Colmar RC","Colmar RC","4579",NA
"Tullamore RFC","Tullamore RFC; Tullamore; Tullamore Rugby Football Club","2349",NA
"RC Saint-Gilles","RC St Gilles","4836",NA
"Strasbourg AR","Rugby Club Strasbourg; Football Club Cronenbourg; Football Club de Cronenbourg; Racing Club Strasbourg rugby; Rugby Club Strasbourg Alsace; RCストラスブール","626",NA
"Los Cardos","Los Cardos Rugby Club","3424",NA
"FC Yonnais","FC Yonnais","4488",NA
"Bigua Rugby Club","Biguá Rugby Club","3414",NA
"RC Haut Gévaudan","RC Haut Gevaudan","5151",NA
"US Josbaig","US Josbaig","4521",NA
"Neath Athletic RFC","Neath Athletic RFC","6129",NA
"Waterpark RFC","Waterpark RFC; Waterpark Rugby Football Club; ","1957",NA
"ASD Rugby Paese","Rugby Paese; ASD Rugby Paese","782",NA
"Haagsche RC","Haagsche Rugby Club; HRC","6997",NA
"US Veore XV","US Véore XV; ボーヴァロン","4467",NA
"RFC Haarlem","RFC Haarlem; Rugby Football Club Haarlem","1725",NA
"Antwerp RC","Antwerp RC; ARC; Antwerp Rugby Club","2215",NA
"Utrecht RC","Utrecht","6661",NA
"US Pomarez","Union sportive pomarézienne; USP; US Pomarez","3010",NA
"Billingham RUFC","Billingham Rugby Union Football Club; Billingham RUFC; BRUFC","976",NA
"Amersham and Chiltern RFC","Amersham and Chiltern Rugby Football Club; Amersham & Chiltern RFC","905",NA
"Tavistock RFC","Tavistock RFC","4147",NA
"Narberth RFC","Narberth RFC; narbeth rugby football club; The Otters; Narberth Rugby Football Club","1550",NA
"Mount Maunganui Sports Club","Mount Maunganui Sports Club","5728",NA
"Sumner RC","Sumner RFC","5795",NA
"Loughborough Students","Loughborough Students RUFC; Loughborough Students; Loughborough Students Rugby; Loughborough Students Rugby Club; Loughborough Students Rugby Union Football Club; ラフバラー・スチューデンツRUFC; ラフバラー大学RUFC","1476",NA
"SC L'honor de Cos","SC L'honor de Cos","5386",NA
"RC Pays de Meaux","RC Pays de Meaux","4507",NA
"ES Viry-Châtillon","Viry-Châtillon Rugby Club; ES Viry-Châtillon; Viry RC; Viry Rugby Club; Viry-Châtillon RC; Entente sportive de Viry-Châtillon - Rugby; ES Viry-Châtillon - Rugby","3133",NA
"US Bellegarde Coupy","US Bellegarde Coupy","4593",NA
"US St Pierre des Corps","US St Pierre Des Corps","4924",NA
"Ashby RFC","Ashby RFC","4233",NA
"Kabras Sugar RFC","Kabras Sugar RFC; カブラスシュガーRFC","6916",NA
"RC Amiens","RC Amiens","4499",NA
"North Berwick RFC","North Berwick RFC; North Berwick Rugby Football Club","2991",NA
"Rumney RFC","Rumney RFC; Rumney Rugby Football Club","1775",NA
"Silhillians RUFC","Silhillians Rugby Union Football Club; Silhillians RUFC; Sils; Old Sils","1804",NA
"AS Forgeron commentryens","AS Forgeron Commentryens","4632",NA
"US Pithiviers","US Pithiviers","4577",NA
"Capbreton Hossegor Rugby","Capbreton Hossegor Rugby; CHR","3153",NA
"AS Bièvre Saint-Geoirs RC","Bièvre Saint-Geoirs RC","4462",NA
"RC Brezins","RC Brezins","5147",NA
"Terres de France Rugby","Terres de France Rugby","4728",NA
"New Dock Stars RFC","New Dock Stars RFC","6140",NA
"Bynea RFC","Bynea RFC","6142",NA
"Burry Port RFC","Burry Port RFC; The Blacks; Burry Port Rugby Football Club","1033",NA
"US Martres-de-Veyre","US Martres de Veyre","5181",NA
"Madras College FP","Madras College FP RFC; Madras College FP; Madras College Former Pupils Rugby Football Club","1483",NA
"RC Saint Hilaire Océan","Rugby Club Saint Hilaire Ocean","5413",NA
"RC ajaccien","RC Ajaccien","5110",NA
"San Patricio","Club San Patricio; San Patricio; Sanpa","1122",NA
"Rugby Sud 77","Rugby Sud 77","4965",NA
"Stockport RUFC","Stockport RUFC; Stockport Rugby; Stockport Rugby club; Stockport Rugby Union Football Club","1845",NA
"SA Auterivain","SA Auterivain","5069",NA
"Tauranga Sports Club","Tauranga Sports Club","5742",NA
"CO Gargenville","CO Gargenville","4714",NA
"Manukau Rovers","Manukau Rovers RFC; Manukau Rovers Rugby Football Club","2308",NA
"Karaka RC","Karaka RC","5807",NA
"West Park Leeds RUFC","West Park Leeds RFC","4422",NA
"Bishop’s Stortford","Bishop's Stortford RFC; Bishops Stortford RFC; Bishops Stortford Rugby; Bishop's Stortford; Bishop's Stortford Rugby Football Club; ビショップズ・ストートフォード","982",NA
"RC DIOK","Leidse Rugbyclub DIOK; RC DIOK; RCディオク","363",NA
"Hamilton Old Boys","Hamilton Old Boys RC","6044",NA
"Chester RUFC","Chester RUFC; Chester; Chester Rugby; Chester Rugby Club; Chester Rugby Football Club; Chester Rugby Union; Chester Rugby Union Club; Chester Rugby Union Football; Chester Rugby Union Football Club; RUFC Chester; Rugby Club Chester; Rugby Union Club Chester; Rugby Union Football Chester; Rugby Union Football Club Chester","1082",NA
"Rugby Napoli Afragola","Rugby Napoli Afragola","5511",NA
"Hamilton Old Boys Rugby Club","Hamilton Old Boys RC","6044",NA
"Bidart Union Club","Bidart Union Club","4742",NA
"Rieumes","SC Rieumes","4484",NA
"RC Villeneuve-lès-Maguelone","Racing Club Villeneuve Les Maguelone","5369",NA
"Guildfordians RFC","Guildfordians Rugby Football Club; Guildfordians RFC","3204",NA
"Associates Rugby Club","Associates RC","3649",NA
"Te Kawau RFC","Te Kawau; Te Kawau RFC","1874",NA
"RC Haute Bresse","Rugby Club Haute Bresse; RC Haute Bresse","3138",NA
"Zimbabwe Goshawks","Zimbabwe Goshawks; Zimbabwe Academy","3274",NA
"ES Léon","Étoile sportive léonnaise; ESL; ES Léon","2938",NA
"Bievre Saint Geoirs RC","Bièvre Saint-Geoirs RC","4462",NA
"RC Eaunes","Rugby Club Eaunes; RCE; Rugby Club eaunois XV; RC Eaunes","3082",NA
"Magnoac FC","Magnoac Football Club; MFC; Magnoac FC","3084",NA
"Hamilton Old Boys RC","Hamilton Old Boys RC","6044",NA
"AS Buzy Ogeu","Association Sportive Buzy Ogeu","5308",NA
"Béziers ORC","AS Béziers Hérault; AS Beziers; AS Béziers; ASB; Association Sportive de Béziers Hérault; AS Beziers Herault; Association Sportive de Beziers Herault; ASBH; Association sportive Béziers Hérault; Association sportive biterroise; Beziers Rugby; Béziers Rugby; Béziers; ASベジエ・エロー; ベジエ; ASベジエ","309",NA
"Pesaro Rugby","ASD Pesaro Rugby","5613",NA
"RC Chagny","RC Chagny","4588",NA
"Plouzané AC","Plouzané AC","4498",NA
"Servian-Boujan Rugby","Servian Boujan Rugby","4623",NA
"U.S. Marmande","Union sportive Marmande rugby; USM; Union rugby Marmande Casteljaloux; Union sportive marmandaise; US Marmande","708",NA
"East Kilbride RFC","East Kilbride RFC; East Kilbride Rugby Football Club","1201",NA
"RC Castelpontin","RC Castelpontin","4866",NA
"US Véore XV","US Véore XV; ボーヴァロン","4467",NA
"College Rovers RC","College Rovers","6207",NA
"SCM Gloria Buzău","SCM Gloria Buzău; SCM Gloria Buzău (rugby union); Gloria Buzău; Sport Club Muncipial Gloria Buzău; SCMグロリア・ブザウ; SCMグローリア・ブザウ","2724",NA
"Aberystwyth RFC","Aberystwyth RFC; C.R. Aberystwyth; CR Aberystwyth; Aberystwyth Rugby Football Club","898",NA
"CA Villeneuvois","Racing Club Villeneuvois","5370",NA
"SA Villeneuvois","Racing Club Villeneuvois","5370",NA
"US Capbreton","Union sportive capbretonnaise; USC; US Capbreton","3151",NA
"Arcol Rugby","Arcol Rugby","4847",NA
"RC Saint-Simon","RC Saint-Simon","4531",NA
"Hers Lauragais XV","Hers Lauragais XV","5043",NA
"RC Bagnols Marcoule","RC Bagnols Marcoule","5057",NA
"Silverdale RFC","Silverdale RC","5870",NA
"Oléron RC","Oléron RC","4998",NA
"ARCOL Rugby","Arcol Rugby","4847",NA
"Aviron castrais","Aviron Castrais","4777",NA
"Arka Gdynia","RC Arka Gdynia; Arka Gdynia; Buldogi (Bulldogs); Buldogi","1698",NA
"Circulo Rafaelino de Rugby","Círculo Rafaelino de Rugby","3615",NA
"RC pays de Meaux","RC Pays de Meaux","4507",NA
"Rugby football club kastellin","RFC Kastellin","5210",NA
"Mahurangi RFC","Mahurangi RC","5865",NA
"US Cambo","Union sportive Cambo rugby; USC; US Cambo","3156",NA
"Hammersmith & Fulham RFC","Hammersmith & Fulham RFC","3180",NA
"U.S. Thuir","Union sportive thuirinoise; US Thuir","723",NA
"Basildon RFC","Basildon RFC","4080",NA
"Waitohi RFC","Waitohi Rugby Club","6028",NA
"Esc-Bac-Asp","ESC BAC ASP; Entente des Avens; ESC-BAC; SCAR-ESC-BAC; Entente Baixas Espira de l'Agly Peyrestortes","2878",NA
"Broadstreet Rugby Club","Broadstreet Rugby Club; 'Street; Broadstreet RFC; Broadstreet Rugby Football Club","1011",NA
"Is Alliance Rugby","Is Alliance Rugby","4899",NA
"Coquelicots Montéchois Rugby","Coquelicots Montechois Rugby","4780",NA
"Cwmllynfell RFC","Cwmllynfell RFC; The Blues; Cwmvegas; Cwmllynfell Rugby Football Club","1159",NA
"Dumfries Saints","Dumfries Saints RFC; Dumfries RFC; Dumfries Rugby Club; Dumfries Saints Rugby Football Club","1188",NA
"Alton Rugby Club","Alton Rugby Club","3242",NA
"Upper Hutt Rams RFC","Upper Hutt Rams RFC; アッパーハット","6089",NA
"Entente Bazet Andrest","Entente Bazet Andrest","5352",NA
"SOR Agout XV","Sor Agout XV","4630",NA
"Bude RFC","Bude RFC; Bude Rugby Football Club","2634",NA
"Wellington FC","Wellington FC","6094",NA
"US Bardos","Union Sportive Bardos; US Bardos","3106",NA
"Parisis Rugby Club","Parisis Rugby Club","4716",NA
"Market Harborough Rugby Club","Market Harborough","4001",NA
"AS St-Martin-de-Seignanx","Association sportive saint-martinoise; ASSM; AS Saint-Martin-de-Seignanx","3182",NA
"Amicale rugby de Marans","Amicale Rugby de Marans","4739",NA
"RC Port-de-Bouc","Rugby Club Port de Bouc; RC Port-de-Bouc; RCポートドボーク","5434",NA
"Pōneke Football Club","Poneke FC; ポネケ","6084",NA
"Old Elthamians RFC","Old Elthamians; Old Elthamians Football; Old Elthamians Rugby; Old Elthamians Rugby Club; Old Elthamians Rugby Team; Old Elthamians Rugby Football Club","1606",NA
"RC muretain","Rugby Club Muretain","4793",NA
"RC Carhaix","RC Carhaix","5208",NA
"AOCC Duras","Association olympique de la communauté de communes de Duras; AOCC Duras; AOCC Duras XV","3220",NA
"RC Val de Bièvre","Rugby Club Val de Bièvre; RC Val de Bièvre; RCVB","3213",NA
"Bredon Star RFC","Bredon Star RFC","4330",NA
"CO Pont-du-Casse","CO Pont-du-Casse","4523",NA
"J.S. Illibérienne","JS Illibérienne","4620",NA
"Rugby Tango chalonnais","Rugby Tango Chalonnais","4460",NA
"RC Andrezieux Boutheon","RC Andrézieux-Bouthéon","4457",NA
"CD Universidad Católica","Club Deportivo Universidad Católica; CSウニベルシダ・カトリーナ","1415",NA
"Rugby club cévenol","RC cévenol","4605",NA
