"teamName","rugbyscopeId"

"RC Mauriac",NA
"RC Meaux",NA
"RC Mende",NA
"RC Miramas",NA
"RC Mont-Dore",NA
"RC Montceau-les-Mines",NA
"RC Nieuil L'Espoir",NA
"RC Noisy-le-Grand",NA
"RC Palavas",NA
"RC Pays six-fournais",NA
"RC Péruwelz",NA
"RC Pirae",NA
"RC Redon",NA
"RC Revel",NA
"RC Romans Péage",NA
"RC Saint Sulpice La Pointe",NA
"RC Sainte-Bazeille",NA
"RC Seilh Fenouillet",NA
"RC Soisy Andilly Margency",NA
"RC Sorgues",NA
"RC Sporting ASEM",NA
"RC St-Sébastien B.-Goul.",NA
"RC Tao",NA
"RC The Pink Panthers",NA
"RC Unirea Iași",NA
"RC Uzerche",NA
"RC Valenciennes",NA
"RC Vallée de Montmorency",NA
"RC Vallée du Gapeau",NA
"RC Vendres",NA
"RC Villenave",NA
"RC Villeneuve-sur-Lot",NA
"RC Würenlos",NA
"RC Zelenograd",NA
"RCC Montrevel-en-Bresse",NA
"RCHA Segré",NA
"RCO Salagou",NA
"RCP Meaux",NA
"RCP Meyssac",NA
"RCP Muzillacais",NA
"RCP Saint-Yrieix",NA
"RCU Marseille",NA
"RCV Montmorency",NA
"RCV Montmorency Soisy",NA
"Recoletas Burgos Caja Rural",NA
"Reef Raiders",NA
"Regatas de San Nicolás",NA
"Reggio Calabria",NA
"Réveil sauvagnonnais",NA
"Rewi",NA
"Rexburg Yetis",NA
"RGS High Wycombe",NA
"Rhodésie",NA
"Rieti",NA
"Rion Morcenx Club Rugby",NA
"Rivesaltes Bompas XV",NA
"Riviera Rugby",NA
"RK Khimik Dzerjinsk",NA
"RK Vukovi",NA
"RK Zelenograd",NA
"RO védasien",NA
"ROC Charleville",NA
"Rotorua Boys High First XV",NA
"Royal Engineers",NA
"Royal Navy",NA
"Ruabon RFC",NA
"Rugby Academy MiddenOost",NA
"Rugby Academy Zuid West",NA
"Rugby Alexandrie",NA
"Rugby Battipaglia",NA
"Rugby Bénévent",NA
"Rugby Borgo Poncarale",NA
"Rugby Chartres Métropole",NA
"Rugby Club BVB",NA
"Rugby Club Châteaugay",NA
"Rugby club Français",NA
"Rugby club Morteau",NA
"Rugby Club Paris XV",NA
"Rugby Conflans Herblay",NA
"Rugby Créteil Choisy",NA
"Rugby Frascati",NA
"Rugby Gossolengo",NA
"Rugby Jesi 1970",NA
"Rugby Livourne 1931",NA
"Rugby Melun-Combs",NA
"Rugby Melun Club",NA
"Rugby Melun Combs 77",NA
"Rugby Ovalie Lorient",NA
"Rugby Toucy PF",NA
"Rugby Touraine Plus",NA
"Rugby Viterbo",NA
"Rulmentul Bârlad",NA
"S.C. Salon",NA
"SA Arcachon",NA
"SA Auterive",NA
"SA Montpon",NA
"SA Rabastens Coufouleux",NA
"SA Thiers",NA
"SA Vierzon Rugby",NA
"Sabah Osca Warriors RC",NA
"Sabah Rugby",NA
"SAC Condom",NA
"Sadirac",NA
"Saint-Astier",NA
"Saint-Denis",NA
"Saint-Estève XIII",NA
"Saint-Féliu-d'Avall",NA
"Saint-Germain-en-Laye",NA
"Saint-Jacques de Carca.",NA
"Saint-Jo Ovalie",NA
"Saint-Marcellin Sport",NA
"Saint-Petersbourg",NA
"Saint-Savin",NA
"Saint Mary's",NA
"Sainte-Foy-la-Grande",NA
"Salanque CR",NA
"Sallèles-d'Aude",NA
"Sambenedettese",NA
"San Fernando",NA
"San Francisco OC",NA
"Sanary Ovalie",NA
"Sandbach",NA
"Santa Monica",NA
"Santiago Lawn TC",NA
"SAP Parthenay",NA
"Saracens Academy",NA
"Saracens Amateur RFC",NA
"Sarmat Vladikavkaz",NA
"Sarmaty Vladikavkaz",NA
"SARU",NA
"SAS Rugby",NA
"Savai’i Vikings",NA
"SC Chinon",NA
"SC Francfort 1880",NA
"SC Genève",NA
"SC Lasseube",NA
"SC Leucate",NA
"SC Privas",NA
"SC rieumois",NA
"SC Rieumois",NA
"SC Salon-de-Provence",NA
"SCA Rivesaltes",NA
"Scariff RFC",NA
"Scarlets A",NA
"SCO Angers",NA
"SCR XV",NA
"Seaside Stars",NA
"Seattle Vikings RC",NA
"Secom",NA
"Sedgley RUFC",NA
"Sélection Catalane",NA
"sélection olympique",NA
"Selvazzano Rugby",NA
"Sevens Sisters RFC",NA
"Sévignacq Vallée du Gabas",NA
"Šiaulių",NA
"Sierra Foothills RC",NA
"Sila Pelu Ua",NA
"Silea",NA
"Skibbereen RFC",NA
"Skopa",NA
"SN Bayonne",NA
"SNC Biterrois",NA
"SO Maubourguet",NA
"SO maubourguetois",NA
"SO Rosny",NA
"Sociedad Sportiva",NA
"Somerset",NA
"Somerset West RFC",NA
"South Wales",NA
"South West Africa",NA
"Southern Districts Rugby Club Melbourne",NA
"Southern Polk High School",NA
"Souths RFC, Brisbane",NA
"Sport étude Ussel",NA
"Sporting ASEM",NA
"Sporting Club Amateur Rivesaltais",NA
"Sporting White Perpignan",NA
"Springfield",NA
"SS Primevères",NA
"SSSAR",NA
"St-Martin-de-Seignanx ol.",NA
"St-Quentin Yvelines R.",NA
"St Anne de Bellevue",NA
"St Barts",NA
"St Joseph’s Nudgee College",NA
"St Mary's Hospital",NA
"St Mary's Old Boys",NA
"St. Bart's Hospital",NA
"St. Joseph's Nudgee College",NA
"Stade athlétique Perpignanais",NA
"Stade châteaurenardais",NA
"Stade foyen",NA
"Stade laurentin",NA
"Stade Laurentin",NA
"Stade saint-livradais",NA
"Stadiul Român",NA
"Stadoceste nîmois",NA
"Stadoceste toulousain",NA
"Staines",NA
"Stallions",NA
"Stejarul Buzău",NA
"Stewart’s Melville College",NA
"Strathallan School",NA
"Suburbs Rugby",NA
"Sud Bassin AR",NA
"Sud Bassin Association",NA
"Sussex College",NA
"Suva Grammar School",NA
"SW Counties",NA
"Swaffham RFC",NA
"Swansea Valley",NA
"Sydney RU",NA
"Tahiti Capitaine 8 matchs Océanie",NA
"Takapuna",NA
"Taupo",NA
"Tbilissi",NA
"Te Awamutu College Rugby Club",NA
"Teachers Eastern Auckland",NA
"Tempe RC",NA
"Terrigal Trojans",NA
"The Owls",NA
"The Southport School Rugby",NA
"TLA XV",NA
"Toa-ko-Ma’afu",NA
"Tokatoka Westfield Dragons",NA
"Tokyo Gas",NA
"Torreilles Rugby",NA
"Toulouse Athlétique Club",NA
"Toulouse CMS",NA
"Toulouse Montaudran",NA
"Touraine Plus",NA
"Tournay",NA
"Tours",NA
"Town of Mount Royal RFC",NA
"Toyota Buffaloes",NA
"Trinity Grammar School",NA
"TSU Lomebi",NA
"Tsumeb Gimnasium",NA
"Tucumán LT",NA
"Tupapa Maraerenga Panthers",NA
"Tynedale",NA
"U.S Esperaza",NA
"U.S. Bages",NA
"U.S. Cheminot Carcassonne",NA
"U.S. Saint-Juérienne",NA
"U.S. Souillac",NA
"UA côtoise",NA
"UA La Rochefoucauld",NA
"UA Laloubère",NA
"UA Lycée Michelet de Vanves",NA
"UA Vic-Fezensac",NA
"UBC Old Boy Ravens",NA
"UBC Old Boys",NA
"UC Hospital",NA
"UL Bohemians",NA
"Ulster A",NA
"Uluinakau RC",NA
"Uluninakau RFC",NA
"UMS Pontault-Combault",NA
"Uni Tucumán",NA
"Union Cazères",NA
"Union Montilienne",NA
"Union sportive Nord-Est",NA
"Union Sportive vicquoise XV",NA
"universitaire",NA
"Universitario RC",NA
"Universitario Tucumán",NA
"Universitatea Timișoara",NA
"Universitatii Timisoara",NA
"Université Asahi",NA
"Université Daito Bunka",NA
"Université de Dschang",NA
"Université Kanto Gakuin",NA
"Université Kyoto Sangyo",NA
"Université Ryutsu Keizai",NA
"Université Yamanashi Gakuin",NA
"Uruguay XV",NA
"US Argelès-Gazost",NA
"US Arize",NA
"US Beauvallon",NA
"US Berry",NA
"US Berthelot",NA
"US Cadalen",NA
"US Canet Ste-Marie",NA
"US Castelnau-Madiran",NA
"US Castillon-la-Bataille",NA
"US Cavaillon",NA
"US Cazères",NA
"US cheminots dijonnais",NA
"US Cluny",NA
"US Cornebarrieu",NA
"US Die",NA
"US Dole",NA
"US Dôle",NA
"US Eauze",NA
"US Égletons",NA
"US Forbach",NA
"US Grenade-sur-l'Adour",NA
"US Habas",NA
"US Izon",NA
"US Joué-lès-Tours",NA
"US Le Mourillon",NA
"US Lectoure",NA
"US Luzech",NA
"US Menditte",NA
"US Monflanquin",NA
"US Montayral",NA
"US Montpellier",NA
"US Murviel-lès-Béziers",NA
"US Nantua",NA
"US Néracaise",NA
"US Nissan",NA
"US Nord-Est",NA
"US Objat",NA
"US Portet-sur-Garonne",NA
"US Puyoô",NA
"US Roquefort",NA
"US Saint-Léonard-de-Noblat",NA
"US Saintes",NA
"US Sauveterre rugby",NA
"US Souillac",NA
"US Thouars",NA
"US Tournon",NA
"US Tremblade",NA
"US Verfeil Rugby",NA
"US Vic",NA
"US Vic-en-Bigorre",NA
"USA Mirande",NA
"USC Pouyastruc",NA
"USEFS Blumarine Chișinău",NA
"USEP Ger Séron",NA
"USMA Ossun",NA
"USO Athis-Mons Rugby",NA
"USO Massif Central",NA
"USQ Saints RC Toowoomba",NA
"Uzès Rugby",NA
"Vailele Rugby Club",NA
"Vaini Club",NA
"Val-de-Provence",NA
"VC Beauvais",NA
"Velox Valhalians",NA
"Vérone Rugby",NA
"Vest-Zvezda Kaliningrad",NA
"Victoria",NA
"Vierzon SAV",NA
"Villeneuve-de-Marsan",NA
"Villeurbanne",NA
"Vio",NA
"Visol Kochebi",NA
"Voința Cluj",NA
"Voreppe RC",NA
"VS Toulouse",NA
"Vuaki",NA
"VVA Moscou",NA
"Wahroonga Rugby Club",NA
"Waikato University",NA
"Wainuiomata Lions",NA
"Waipu RSC",NA
"Waitemata",NA
"Walvis Bay High School",NA
"Wanderers Newcastle",NA
"Wanneroo RUC",NA
"Washington Loggers",NA
"Wasps Dubai",NA
"Wellington -19",NA
"Wellington City Dukes",NA
"Wellington College",NA
"Wellington Secondary Schools",NA
"Westbury-on-Severn RFC",NA
"Westoe club",NA
"Westside Ronins",NA
"Whakarewarewa RC",NA
"Wheatmen",NA
"White Devils Perpignan",NA
"Wigan St. Patricks",NA
"Windhoek Technical High School",NA
"Windsor School",NA
"Woonona Shamrocks",NA
"WP Rugby Academy",NA
"XV Corsaire St-Malo",NA
"XV dyonisien",NA
"Yamacia Rugby",NA
"Yamba Buccaneers",NA
"Yasawa",NA
"Yeomen",NA
"Youghal RFC",NA
"Zvezda Tachkent",NA
