"url","country"
"Elliot_Bunney","Scotland"
"Bill_McLaren","Scotland"
"Dave_Pearson_(rugby_union)","England"
"M._L._Logan","England"
"Owen_Chadwick","England"
"James_Cantion","Ireland"
"Francis_Wilson_(rugby_union)","England"
"Nicholas_Tregurtha","England"
"Jimmy_Jose","England"
"John_Trevaskis","England"
"Richard_Jackett","England"
"Philip_Moore,_Baron_Moore_of_Wolvercote","England"
"Herbert_Loveitt","England"
"Clement_Deykin","England"
"Claude_Whittindale","England"
"Herbert_Nicol","England"
"Raymond_Whittindale","England"
"Alfred_Shaw","England"
"Andrew_Higgins_(rugby_union)","England"
"Brett_Deacon","England"
"Chris_Mayor","England"
"Christian_Short","England"
"David_Tait","England"
"Frank_Hadden","Scotland"
"Geoff_Pimblett","England"
"James_Bailey_(rugby_union)","England"
"James_Percival_(rugby_union)","England"
"Jamie_Hamilton_(rugby_union)","England"
"Joe_El-Abd","England"
"Joseph_Mbu","England"
"Kirk_Dixon","England"
"Laurence_Ovens","England"
"Lee_Smith_(rugby)","England"
"Louis_Attrill","England"
"Martin_Offiah","England"
"Martin_Pearson","England"
"Martin_Worthington","England"
"Matt_Cornwell","England"
"Michael_Holford","England"
"Nick_Adams_(rugby_union)","England"
"Paul_Diggin","England"
"Paul_Volley","England"
"Peter_Tom_(businessman)","England"
"Phill_Davies","Wales"
"Rob_Hawkins","England"
"Rob_Liley","England"
"Scott_Bemand","England"
"Seb_Stegmann","England"
"Steve_Llewellyn","Wales"
"Harold_Caccia","England"
"Steve_James_(cricketer)","England"
"Johnny_Briggs_(cricketer)","England"
"George_Cotterill_(footballer)","England"
"Frank_Bayliss","England"
"Charlie_Marshall_(rugby_union)","England"
"Valentine_Smith","England"
"M._W._Talbot","England"
"Joseph_Wallis_(rugby_union)","England"
"Leslie_Hood","England"
"Adam_Thompstone","England"
"Alan_Buckley_(rugby_league)","England"
"Alan_Edwards_(rugby)","Wales"
"Alastair_Bressington","England"
"Alastair_Ogilvy","Scotland"
"Albert_Avery","England"
"Albert_Goldthorpe","England"
"Alexander_Charles_O%27Sullivan","Ireland"
"Alistair_Moffat","Scotland"
"Alun_Wyn_Davies","Wales"
"Andy_Perry","England"
"Archibald_Fargus","England"
"Archie_Rigg","England"
"Arthur_Smith_(rugby)","England"
"Arthur_Turner_(British_Army_officer)","England"
"Aston_Croall","England"
"Austin_Matthews","England"
"Ben_Ryan_(rugby_union)","England"
"Billy_Davies_(Welsh_rugby)","Wales"
"Billy_Hall_(rugby)","England"
"Billy_King_(sportsman)","Ireland"
"Billy_Stone_(rugby)","England"
"Brian_Edgar","England"
"Cecil_Banes-Walker","England"
"Charlie_Bott","England"
"Chev_Walker","England"
"Chick_Jenkins","Wales"
"Chris_Brooker","England"
"Chris_Camilleri","Wales"
"Chris_Cracknell","England"
"Chris_York","England"
"Christian_Tyrer","England"
"Colin_Hutton","England"
"Dafydd_Carter","Wales"
"Dai_Rees_(rugby,_born_1897)","Wales"
"Dai_Royston_Bevan","Wales"
"Dan_Frazier_(rugby_union)","England"
"Dan_Norton","England"
"Dan_Williams_(rugby_union)","England"
"Danny_Hurcombe","Wales"
"Danny_Kelleher","England"
"Danny_Paul","England"
"Darren_Allinson","Wales"
"David_Cook_(cricketer)","England"
"David_Emms","England"
"David_Gibson_(cricketer)","England"
"David_Harris_(rugby)","Wales"
"David_Laws_(rugby_league)","England"
"David_Smith_(rugby_union,_born_1988)","England"
"David_Stephenson_(rugby_league,_born_1958)","England"
"Drew_Locke","England"
"Drew_Turnbull","Scotland"
"Dunlop_McCosh_Cunningham","Ireland"
"Ernie_Knapman","England"
"Evan_Davies_(rugby)","Wales"
"Francis_Gregory_(sportsman)","England"
"Frank_Bingham","England"
"Frank_Castle_(rugby_league)","England"
"Frank_Guthrie_(rugby_union)","England"
"Frank_Shugars","Wales"
"Frank_Whitcombe","Wales"
"Frank_Williams_(rugby,_born_1890)","Wales"
"Frank_Young_(rugby,_born_c._1885)","Wales"
"Frederick_Toone","England"
"Gareth_Raynor","England"
"Geoffrey_Tomkinson","England"
"George_Abell_(civil_servant)","England"
"George_Fairbairn_(rugby)","Scotland"
"George_Porter_(rugby_union)","England"
"George_Rees_(rugby)","Wales"
"George_Wilson_(1940s_rugby_player)","Scotland"
"George_Wood_(cricketer,_born_1893)","England"
"Gerald_Cordle","Wales"
"Gilbert_Collett","England"
"Graham_Walters","Wales"
"Grant_Pointer","England"
"Greg_Sammons","England"
"Guy_Mercer","England"
"Harry_Hayley","England"
"Harry_Mallett","England"
"Hely_Hutchinson_Almond","Scotland"
"Henry_Fox_(sportsman)","England"
"Henry_Walker_(mines_inspector)","England"
"Herbert_Kershaw","England"
"Richmond_Palmer","England"
"Herbie_Martin","Ireland"
"Ian_Carruthers","England"
"Ian_Clark_(rugby_union)","England"
"Ian_Peck","England"
"Ivor_Davies_(rugby,_born_1906)","Wales"
"Jack_Chilcott","Wales"
"Jack_Davies_(cricketer,_born_1911)","England"
"Jack_Dormand","England"
"Jack_Evans_(rugby,_born_1922)","Wales"
"Jack_Yeandle","England"
"Jackie_Bowen","Wales"
"James_Averis","England"
"Jim_Croston","England"
"James_Lomas_(rugby_league)","England"
"James_Rodwell","England"
"James_Taylor_(sportsman)","England"
"James_Youll_Turnbull","Scotland"
"Jamie_Murphy_(rugby)","Wales"
"Jeff_Blackett","England"
"Jeremy_Lloyds","England"
"Jim_Challinor","England"
"Jim_Davies_(rugby)","Wales"
"Joe_Carlisle","England"
"Joe_Ford_(rugby_union)","England"
"Joe_Jones_(rugby)","Wales"
"John_Barr_(shinty)","Scotland"
"John_Basnett","England"
"John_Blake_(rugby_union)","England"
"John_Gordon_A%27Bear","England"
"John_Gray_(English_sportsman)","England"
"Johnny_Thomas_(rugby)","Wales"
"Jon_Brennan","Jersey"
"Jon_Vickers_(rugby_union)","England"
"Josh_Charnley","England"
"Kane_Palma-Newport","England"
"Karl_Pryce","England"
"Kenneth_Harding_(sportsman)","England"
"Laurie_Gilfedder","England"
"Lee_Harrison_(rugby_union)","Scotland"
"Lee_Robinson_(rugby_union)","England"
"Len_Rowe","England"
"Les_Thomas_(rugby)","Wales"
"Luke_Myring","England"
"Macauley_Cook","Wales"
"Manley_James","England"
"Martin_Halsall","England"
"Matt_Salter","England"
"Matt_Thompson_(rugby_union)","England"
"Michael_Green_(British_Army_officer)","England"
"Mick_Murphy_(rugby_league)","England"
"Mick_Burke_(rugby_league)","England"
"Mike_Forshaw","England"
"Nathan_Bressington","England"
"Nathan_McAvoy","England"
"Neal_Hatley","England"
"Neil_Courtney","England"
"Nick_Baxter_(rugby_union)","England"
"Nils_Mordt","England"
"Ollie_Frost","England"
"Patrick_Briggs","England"
"Percival_Coles","England"
"Percy_Illingworth","England"
"Peter_Sanders_(sportsman)","Wales"
"Phil_Swainston","England"
"Phil_Thomas_(rugby)","Wales"
"Ray_Glastonbury","Wales"
"Ray_Robinson_(sportsman)","England"
"Ray_Tabern","England"
"Raymond_Price_(rugby)","Wales"
"Reginald_Hobbs","England"
"Rex_Alston","England"
"Richard_Bryan_(rugby_union)","England"
"Richard_Downend","England"
"Richard_Eyres","England; Wales"
"Richard_Johnston_(rugby)","Wales"
"Richard_Skuse","England"
"Rob_Valentine_(rugby)","Scotland"
"Robert_Collinson","England"
"Robert_Staddon_(English_sportsman)","England"
"Roger_Owen_(rugby)","Wales"
"Ronald_Morgan","Wales"
"Ross_Batty","England"
"Roy_Francis_(rugby)","Wales"
"Scott_Newlands","Scotland"
"Seamus_Mallon_(rugby_union)","England"
"Sean_Tomes","England"
"William_Dawson_(sportsman)","England"
"Sid_Little","England"
"Simon_Haughton","England"
"Stan_Brogden","England"
"Steve_Diamond_(rugby_union)","England"
"Stuart_Prosser","Wales"
"Syd_Hynes","England"
"Tom_Brown_(rugby,_born_1983)","England"
"Tom_McKinney","Ireland"
"Tommy_Newbould","England"
"Timothy_Wetjen","England"
"Tom_Helm_(rugby)","Scotland"
"Tom_Warren_(rugby_union)","England"
"Tommy_Howley","Wales"
"Tommy_Woods_(rugby)","England"
"Tony_Fisher_(rugby)","Wales"
"Walter_Roman_(rugby)","England"
"Will_Davies_(rugby)","Wales"
"Will_Matthews_(rugby_union)","England"
"William_Hancock_(ophthalmologist)","England"
"Billy_Holder","England"
"William_Lewis_Thomas","Wales"
"Bill_Morgan_(rugby)","Wales"
"Liam_Botham","England"
"Eric_Harrison_(British_Army_officer)","England"
"Andrew_Wolff","Philippines"
"Myles_Landick","Jersey"
"Hugh_Waddell_(rugby_league)","Scotland"
"Frank_Simpson_(cricketer)","England"
"Ben_Maidment","England"
"James_Richardson_(sportsman)","England"
"Peter_Marner","England"
"Ted_Bateson","England"
"Michael_Hanna_(sportsman)","England"
"Brandon_Jackson_(priest)","England"
"David_Addleton","England"
"John_Atkinson_(rugby_league)","England"
"David_Lyon_(rugby)","England"
"John_Green_(headmaster)","England"
"Greg_Bateman","England"
"John_Kelly_(rugby,_born_1917)","England"
"James_Craig_(rugby_union,_born_1988)","England"
"Tom_Llewellyn","Wales"
"William_Rees_(rugby)","Wales"
"Harry_Wilson_(rugby_league)","England"
"Jimmy_Richards","Wales"
"Jon_Goodridge","England"
"Jonny_Hepworth","England"
"Harry_Spencer_(rugby_union)","England"
"James_Tincknell","England"
"Michael_Le_Bourgeois","Jersey"
"Josh_Tyler","Wales"
"Simon_McIntyre","England"
"Ben_Howard_(rugby_union)","England"
"Alan_Lowndes_(rugby)","England"
"Ian_Rawcliffe","England"
"Geoff_Richards_(footballer)","England"
"Ricky_Andrew","Ireland"
"Geoff_Richards_(rugby_union)","England"
"Hugh_Butterworth","England"
"Frederick_William_Moore","Ireland"
"Ryan_Shaw_(rugby_league)","England"
"Tom_Stephenson_(rugby_union)","England"
"Phil_Pask","England"
"Peter_Lawless","England"
"Ian_Orum","England"
"Sam_Bedlow","England"
"Wilfred_Stoddart","England"
"Gordon_McRorie","Canada"
"Miles_Normandale","England"
"Clive_Stuart-Smith","England"
"Martin_Roberts_(rugby_union,_born_1968)","England"
"Ollie_Lindsay-Hague","England"
"Tom_Mitchell_(rugby_union,_born_1989)","England"
"Dan_Bibby","England"
"Calvin_Wellington","Wales"
"Harry_Davies_(rugby_union,_born_1994)","Wales"
"Gerry_Lowe_(rugby_league,_born_1927)","England"
"Billy_Williams_(sportsman)","England"
"Jay_Baker_(rugby_union)","Wales"
"Murray_Douglas","Scotland"
"Dicky_Goddard","England"
"Scott_Riddell","Scotland"
"William_Albert_Robertson","Scotland"
"Stuart_Redfern","England"
"James_Fish","England"
"Gordon_Wilson_(footballer,_born_1944)","Scotland"
"Alex_Karonias","England"
"Waller_Hobson","Ireland"
"Levi_Douglas","England"
"Ed_Holmes","England"
"Billy_Keast","England"
"Tom_Cruse","England"
"Zack_Henry","England"
"Miles_Reid_(rugby_union)","England"
"Matty_Rea","Ireland"
"Henry_Joynt","England"
"Billy_Searle","England"
"William_Stafford_(British_Army_officer)","England"
"Albert_Kemp_(rugby)","England"
"Jack_Scroby","England"
"Trevor_Glover","England"
"Alec_Coombes","Scotland"
"Noel_Howe-Browne","South Africa"
"Wally_Holmes_(rugby_union)","England"
"Fred_McLeod_(rugby_union)","Scotland"
"Jimmy_McNeil","Scotland"
"Rae_Tod","Scotland"
"Harry_Fry_(rugby_union)","Wales"
"Toby_Freeman","England"
"Billy_Price_(actor)","England"
"David_Edwards_(rugby_union,_born_1930)","Scotland"
"George_Pattullo_(rugby_union)","Scotland"
"John_Selwyn_Moll","England"
"Will_Wand","England"
"Peter_Colston_(rugby_union)","England"
"Tom_Carr-Smith","England"
"Michael_Dykes","England"
"Rhys_Litterick","England"
"John_Meadows_(rugby_union)","Australia"
"Martin_Green_(rugby_union_coach)","England"
"Jonathan_Kpoku","England"
"Harry_Wilson_(rugby_union,_born_1997)","England"
"Ethan_Caine","England"
"Peter_Thomas_(businessman)","Wales"
